experiment,episode_id,task_id,topology,fault_type,fault_severity,fault_position,observability,origin_node,predicted_origin,candidate_count,rank,top1_correct,reciprocal_rank
E3_attribution_observability,E2::evaluation-0084-sta::referential_drift::sev2::early::1::hierarchical,evaluation-0084-sta,hierarchical,referential_drift,2,early,output_only,worker-0,root,7,3,0,0.3333333333333333
E3_attribution_observability,E2::evaluation-0084-sta::referential_drift::sev2::early::1::hierarchical,evaluation-0084-sta,hierarchical,referential_drift,2,early,sparse_trace,worker-0,worker-0,7,1,1,1.0
E3_attribution_observability,E2::evaluation-0084-sta::referential_drift::sev2::early::1::hierarchical,evaluation-0084-sta,hierarchical,referential_drift,2,early,full_trace,worker-0,worker-0,7,1,1,1.0
E3_attribution_observability,E2::evaluation-0077-evi::truncation::sev2::early::1::sequential,evaluation-0077-evi,sequential,truncation,2,early,output_only,step-0,step-3,4,2,0,0.5
E3_attribution_observability,E2::evaluation-0077-evi::truncation::sev2::early::1::sequential,evaluation-0077-evi,sequential,truncation,2,early,sparse_trace,step-0,step-0,4,1,1,1.0
E3_attribution_observability,E2::evaluation-0077-evi::truncation::sev2::early::1::sequential,evaluation-0077-evi,sequential,truncation,2,early,full_trace,step-0,step-0,4,1,1,1.0
E3_attribution_observability,E2::evaluation-0097-evi::wrong_value::sev2::middle::0::sequential,evaluation-0097-evi,sequential,wrong_value,2,middle,output_only,step-2,step-3,4,3,0,0.3333333333333333
E3_attribution_observability,E2::evaluation-0097-evi::wrong_value::sev2::middle::0::sequential,evaluation-0097-evi,sequential,wrong_value,2,middle,sparse_trace,step-2,step-2,4,1,1,1.0
E3_attribution_observability,E2::evaluation-0097-evi::wrong_value::sev2::middle::0::sequential,evaluation-0097-evi,sequential,wrong_value,2,middle,full_trace,step-2,step-2,4,1,1,1.0
E3_attribution_observability,E2::evaluation-0102-evi::truncation::sev1::late::0::single,evaluation-0102-evi,single,truncation,1,late,output_only,step-3,step-3,4,1,1,1.0
E3_attribution_observability,E2::evaluation-0102-evi::truncation::sev1::late::0::single,evaluation-0102-evi,single,truncation,1,late,sparse_trace,step-3,step-3,4,1,1,1.0
E3_attribution_observability,E2::evaluation-0102-evi::truncation::sev1::late::0::single,evaluation-0102-evi,single,truncation,1,late,full_trace,step-3,step-3,4,1,1,1.0
E3_attribution_observability,E2::evaluation-0061-sha::truncation::sev1::early::0::single,evaluation-0061-sha,single,truncation,1,early,output_only,step-0,step-3,4,4,0,0.25
E3_attribution_observability,E2::evaluation-0061-sha::truncation::sev1::early::0::single,evaluation-0061-sha,single,truncation,1,early,sparse_trace,step-0,step-0,4,1,1,1.0
E3_attribution_observability,E2::evaluation-0061-sha::truncation::sev1::early::0::single,evaluation-0061-sha,single,truncation,1,early,full_trace,step-0,step-0,4,1,1,1.0
E3_attribution_observability,E2::evaluation-0063-con::truncation::sev2::middle::0::parallel,evaluation-0063-con,parallel,truncation,2,middle,output_only,worker-2,aggregate,5,5,0,0.2
E3_attribution_observability,E2::evaluation-0063-con::truncation::sev2::middle::0::parallel,evaluation-0063-con,parallel,truncation,2,middle,sparse_trace,worker-2,worker-2,5,1,1,1.0
E3_attribution_observability,E2::evaluation-0063-con::truncation::sev2::middle::0::parallel,evaluation-0063-con,parallel,truncation,2,middle,full_trace,worker-2,worker-2,5,1,1,1.0
E3_attribution_observability,E2::evaluation-0078-con::timeout::sev2::middle::1::parallel,evaluation-0078-con,parallel,timeout,2,middle,output_only,worker-2,aggregate,5,3,0,0.3333333333333333
E3_attribution_observability,E2::evaluation-0078-con::timeout::sev2::middle::1::parallel,evaluation-0078-con,parallel,timeout,2,middle,sparse_trace,worker-2,worker-2,5,1,1,1.0
E3_attribution_observability,E2::evaluation-0078-con::timeout::sev2::middle::1::parallel,evaluation-0078-con,parallel,timeout,2,middle,full_trace,worker-2,worker-2,5,1,1,1.0
E3_attribution_observability,E2::evaluation-0095-ari::truncation::sev2::early::0::single,evaluation-0095-ari,single,truncation,2,early,output_only,step-0,step-3,4,3,0,0.3333333333333333
E3_attribution_observability,E2::evaluation-0095-ari::truncation::sev2::early::0::single,evaluation-0095-ari,single,truncation,2,early,sparse_trace,step-0,step-0,4,1,1,1.0
E3_attribution_observability,E2::evaluation-0095-ari::truncation::sev2::early::0::single,evaluation-0095-ari,single,truncation,2,early,full_trace,step-0,step-0,4,1,1,1.0
E3_attribution_observability,E2::evaluation-0107-evi::truncation::sev2::late::1::sequential,evaluation-0107-evi,sequential,truncation,2,late,output_only,step-3,step-3,4,1,1,1.0
E3_attribution_observability,E2::evaluation-0107-evi::truncation::sev2::late::1::sequential,evaluation-0107-evi,sequential,truncation,2,late,sparse_trace,step-3,step-1,4,2,0,0.5
E3_attribution_observability,E2::evaluation-0107-evi::truncation::sev2::late::1::sequential,evaluation-0107-evi,sequential,truncation,2,late,full_trace,step-3,step-3,4,1,1,1.0
E3_attribution_observability,E2::evaluation-0087-evi::timeout::sev1::early::1::parallel,evaluation-0087-evi,parallel,timeout,1,early,output_only,worker-0,aggregate,5,3,0,0.3333333333333333
E3_attribution_observability,E2::evaluation-0087-evi::timeout::sev1::early::1::parallel,evaluation-0087-evi,parallel,timeout,1,early,sparse_trace,worker-0,worker-0,5,1,1,1.0
E3_attribution_observability,E2::evaluation-0087-evi::timeout::sev1::early::1::parallel,evaluation-0087-evi,parallel,timeout,1,early,full_trace,worker-0,worker-0,5,1,1,1.0
E3_attribution_observability,E2::evaluation-0094-sta::timeout::sev2::late::1::sequential,evaluation-0094-sta,sequential,timeout,2,late,output_only,step-3,step-3,4,1,1,1.0
E3_attribution_observability,E2::evaluation-0094-sta::timeout::sev2::late::1::sequential,evaluation-0094-sta,sequential,timeout,2,late,sparse_trace,step-3,step-0,4,3,0,0.3333333333333333
E3_attribution_observability,E2::evaluation-0094-sta::timeout::sev2::late::1::sequential,evaluation-0094-sta,sequential,timeout,2,late,full_trace,step-3,step-3,4,1,1,1.0
E3_attribution_observability,E2::evaluation-0066-sha::wrong_value::sev2::early::0::parallel,evaluation-0066-sha,parallel,wrong_value,2,early,output_only,worker-0,aggregate,5,5,0,0.2
E3_attribution_observability,E2::evaluation-0066-sha::wrong_value::sev2::early::0::parallel,evaluation-0066-sha,parallel,wrong_value,2,early,sparse_trace,worker-0,worker-0,5,1,1,1.0
E3_attribution_observability,E2::evaluation-0066-sha::wrong_value::sev2::early::0::parallel,evaluation-0066-sha,parallel,wrong_value,2,early,full_trace,worker-0,worker-0,5,1,1,1.0
E3_attribution_observability,E2::evaluation-0099-sta::wrong_value::sev1::middle::0::single,evaluation-0099-sta,single,wrong_value,1,middle,output_only,step-2,step-3,4,3,0,0.3333333333333333
E3_attribution_observability,E2::evaluation-0099-sta::wrong_value::sev1::middle::0::single,evaluation-0099-sta,single,wrong_value,1,middle,sparse_trace,step-2,step-2,4,1,1,1.0
E3_attribution_observability,E2::evaluation-0099-sta::wrong_value::sev1::middle::0::single,evaluation-0099-sta,single,wrong_value,1,middle,full_trace,step-2,step-2,4,1,1,1.0
E3_attribution_observability,E2::evaluation-0067-evi::wrong_value::sev1::middle::1::single,evaluation-0067-evi,single,wrong_value,1,middle,output_only,step-2,step-0,4,2,0,0.5
E3_attribution_observability,E2::evaluation-0067-evi::wrong_value::sev1::middle::1::single,evaluation-0067-evi,single,wrong_value,1,middle,sparse_trace,step-2,step-1,4,3,0,0.3333333333333333
E3_attribution_observability,E2::evaluation-0067-evi::wrong_value::sev1::middle::1::single,evaluation-0067-evi,single,wrong_value,1,middle,full_trace,step-2,step-2,4,1,1,1.0
E3_attribution_observability,E2::evaluation-0101-sha::truncation::sev2::middle::1::hierarchical,evaluation-0101-sha,hierarchical,truncation,2,middle,output_only,manager-0,root,7,2,0,0.5
E3_attribution_observability,E2::evaluation-0101-sha::truncation::sev2::middle::1::hierarchical,evaluation-0101-sha,hierarchical,truncation,2,middle,sparse_trace,manager-0,manager-0,7,1,1,1.0
E3_attribution_observability,E2::evaluation-0101-sha::truncation::sev2::middle::1::hierarchical,evaluation-0101-sha,hierarchical,truncation,2,middle,full_trace,manager-0,manager-0,7,1,1,1.0
E3_attribution_observability,E2::evaluation-0089-sta::referential_drift::sev2::middle::0::single,evaluation-0089-sta,single,referential_drift,2,middle,output_only,step-2,step-3,4,4,0,0.25
E3_attribution_observability,E2::evaluation-0089-sta::referential_drift::sev2::middle::0::single,evaluation-0089-sta,single,referential_drift,2,middle,sparse_trace,step-2,step-2,4,1,1,1.0
E3_attribution_observability,E2::evaluation-0089-sta::referential_drift::sev2::middle::0::single,evaluation-0089-sta,single,referential_drift,2,middle,full_trace,step-2,step-2,4,1,1,1.0
E3_attribution_observability,E2::evaluation-0081-sha::referential_drift::sev2::early::1::sequential,evaluation-0081-sha,sequential,referential_drift,2,early,output_only,step-0,step-1,4,4,0,0.25
E3_attribution_observability,E2::evaluation-0081-sha::referential_drift::sev2::early::1::sequential,evaluation-0081-sha,sequential,referential_drift,2,early,sparse_trace,step-0,step-1,4,2,0,0.5
E3_attribution_observability,E2::evaluation-0081-sha::referential_drift::sev2::early::1::sequential,evaluation-0081-sha,sequential,referential_drift,2,early,full_trace,step-0,step-2,4,2,0,0.5
E3_attribution_observability,E2::evaluation-0115-ari::timeout::sev2::early::0::sequential,evaluation-0115-ari,sequential,timeout,2,early,output_only,step-0,step-3,4,4,0,0.25
E3_attribution_observability,E2::evaluation-0115-ari::timeout::sev2::early::0::sequential,evaluation-0115-ari,sequential,timeout,2,early,sparse_trace,step-0,step-0,4,1,1,1.0
E3_attribution_observability,E2::evaluation-0115-ari::timeout::sev2::early::0::sequential,evaluation-0115-ari,sequential,timeout,2,early,full_trace,step-0,step-0,4,1,1,1.0
E3_attribution_observability,E2::evaluation-0104-sta::wrong_value::sev1::middle::0::parallel,evaluation-0104-sta,parallel,wrong_value,1,middle,output_only,worker-2,aggregate,5,4,0,0.25
E3_attribution_observability,E2::evaluation-0104-sta::wrong_value::sev1::middle::0::parallel,evaluation-0104-sta,parallel,wrong_value,1,middle,sparse_trace,worker-2,worker-2,5,1,1,1.0
E3_attribution_observability,E2::evaluation-0104-sta::wrong_value::sev1::middle::0::parallel,evaluation-0104-sta,parallel,wrong_value,1,middle,full_trace,worker-2,worker-2,5,1,1,1.0
E3_attribution_observability,E2::evaluation-0068-con::referential_drift::sev2::late::1::single,evaluation-0068-con,single,referential_drift,2,late,output_only,step-3,step-1,4,4,0,0.25
E3_attribution_observability,E2::evaluation-0068-con::referential_drift::sev2::late::1::single,evaluation-0068-con,single,referential_drift,2,late,sparse_trace,step-3,step-3,4,1,1,1.0
E3_attribution_observability,E2::evaluation-0068-con::referential_drift::sev2::late::1::single,evaluation-0068-con,single,referential_drift,2,late,full_trace,step-3,step-1,4,3,0,0.3333333333333333
E3_attribution_observability,E2::evaluation-0100-ari::wrong_value::sev1::late::0::single,evaluation-0100-ari,single,wrong_value,1,late,output_only,step-3,step-3,4,1,1,1.0
E3_attribution_observability,E2::evaluation-0100-ari::wrong_value::sev1::late::0::single,evaluation-0100-ari,single,wrong_value,1,late,sparse_trace,step-3,step-3,4,1,1,1.0
E3_attribution_observability,E2::evaluation-0100-ari::wrong_value::sev1::late::0::single,evaluation-0100-ari,single,wrong_value,1,late,full_trace,step-3,step-3,4,1,1,1.0
E3_attribution_observability,E2::evaluation-0110-ari::timeout::sev1::middle::1::parallel,evaluation-0110-ari,parallel,timeout,1,middle,output_only,worker-2,aggregate,5,2,0,0.5
E3_attribution_observability,E2::evaluation-0110-ari::timeout::sev1::middle::1::parallel,evaluation-0110-ari,parallel,timeout,1,middle,sparse_trace,worker-2,worker-2,5,1,1,1.0
E3_attribution_observability,E2::evaluation-0110-ari::timeout::sev1::middle::1::parallel,evaluation-0110-ari,parallel,timeout,1,middle,full_trace,worker-2,worker-2,5,1,1,1.0
E3_attribution_observability,E2::evaluation-0119-sta::timeout::sev1::middle::0::sequential,evaluation-0119-sta,sequential,timeout,1,middle,output_only,step-2,step-3,4,3,0,0.3333333333333333
E3_attribution_observability,E2::evaluation-0119-sta::timeout::sev1::middle::0::sequential,evaluation-0119-sta,sequential,timeout,1,middle,sparse_trace,step-2,step-2,4,1,1,1.0
E3_attribution_observability,E2::evaluation-0119-sta::timeout::sev1::middle::0::sequential,evaluation-0119-sta,sequential,timeout,1,middle,full_trace,step-2,step-2,4,1,1,1.0
E3_attribution_observability,E2::evaluation-0118-con::timeout::sev2::early::1::hierarchical,evaluation-0118-con,hierarchical,timeout,2,early,output_only,worker-0,root,7,2,0,0.5
E3_attribution_observability,E2::evaluation-0118-con::timeout::sev2::early::1::hierarchical,evaluation-0118-con,hierarchical,timeout,2,early,sparse_trace,worker-0,worker-0,7,1,1,1.0
E3_attribution_observability,E2::evaluation-0118-con::timeout::sev2::early::1::hierarchical,evaluation-0118-con,hierarchical,timeout,2,early,full_trace,worker-0,worker-0,7,1,1,1.0
E3_attribution_observability,E2::evaluation-0079-sta::referential_drift::sev1::early::1::single,evaluation-0079-sta,single,referential_drift,1,early,output_only,step-0,step-3,4,3,0,0.3333333333333333
E3_attribution_observability,E2::evaluation-0079-sta::referential_drift::sev1::early::1::single,evaluation-0079-sta,single,referential_drift,1,early,sparse_trace,step-0,step-0,4,1,1,1.0
E3_attribution_observability,E2::evaluation-0079-sta::referential_drift::sev1::early::1::single,evaluation-0079-sta,single,referential_drift,1,early,full_trace,step-0,step-0,4,1,1,1.0
E3_attribution_observability,E2::evaluation-0102-evi::wrong_value::sev2::late::1::sequential,evaluation-0102-evi,sequential,wrong_value,2,late,output_only,step-3,step-3,4,1,1,1.0
E3_attribution_observability,E2::evaluation-0102-evi::wrong_value::sev2::late::1::sequential,evaluation-0102-evi,sequential,wrong_value,2,late,sparse_trace,step-3,step-2,4,4,0,0.25
E3_attribution_observability,E2::evaluation-0102-evi::wrong_value::sev2::late::1::sequential,evaluation-0102-evi,sequential,wrong_value,2,late,full_trace,step-3,step-1,4,3,0,0.3333333333333333
E3_attribution_observability,E2::evaluation-0114-sta::wrong_value::sev2::early::0::hierarchical,evaluation-0114-sta,hierarchical,wrong_value,2,early,output_only,worker-0,root,7,3,0,0.3333333333333333
E3_attribution_observability,E2::evaluation-0114-sta::wrong_value::sev2::early::0::hierarchical,evaluation-0114-sta,hierarchical,wrong_value,2,early,sparse_trace,worker-0,worker-0,7,1,1,1.0
E3_attribution_observability,E2::evaluation-0114-sta::wrong_value::sev2::early::0::hierarchical,evaluation-0114-sta,hierarchical,wrong_value,2,early,full_trace,worker-0,worker-0,7,1,1,1.0
E3_attribution_observability,E2::evaluation-0073-con::referential_drift::sev2::early::1::single,evaluation-0073-con,single,referential_drift,2,early,output_only,step-0,step-3,4,2,0,0.5
E3_attribution_observability,E2::evaluation-0073-con::referential_drift::sev2::early::1::single,evaluation-0073-con,single,referential_drift,2,early,sparse_trace,step-0,step-0,4,1,1,1.0
E3_attribution_observability,E2::evaluation-0073-con::referential_drift::sev2::early::1::single,evaluation-0073-con,single,referential_drift,2,early,full_trace,step-0,step-0,4,1,1,1.0
E3_attribution_observability,E2::evaluation-0095-ari::referential_drift::sev1::middle::0::hierarchical,evaluation-0095-ari,hierarchical,referential_drift,1,middle,output_only,manager-0,root,7,5,0,0.2
E3_attribution_observability,E2::evaluation-0095-ari::referential_drift::sev1::middle::0::hierarchical,evaluation-0095-ari,hierarchical,referential_drift,1,middle,sparse_trace,manager-0,manager-0,7,1,1,1.0
E3_attribution_observability,E2::evaluation-0095-ari::referential_drift::sev1::middle::0::hierarchical,evaluation-0095-ari,hierarchical,referential_drift,1,middle,full_trace,manager-0,manager-0,7,1,1,1.0
E3_attribution_observability,E2::evaluation-0100-ari::timeout::sev1::middle::1::sequential,evaluation-0100-ari,sequential,timeout,1,middle,output_only,step-2,step-3,4,4,0,0.25
E3_attribution_observability,E2::evaluation-0100-ari::timeout::sev1::middle::1::sequential,evaluation-0100-ari,sequential,timeout,1,middle,sparse_trace,step-2,step-2,4,1,1,1.0
E3_attribution_observability,E2::evaluation-0100-ari::timeout::sev1::middle::1::sequential,evaluation-0100-ari,sequential,timeout,1,middle,full_trace,step-2,step-2,4,1,1,1.0
E3_attribution_observability,E2::evaluation-0061-sha::timeout::sev2::late::1::sequential,evaluation-0061-sha,sequential,timeout,2,late,output_only,step-3,step-3,4,1,1,1.0
E3_attribution_observability,E2::evaluation-0061-sha::timeout::sev2::late::1::sequential,evaluation-0061-sha,sequential,timeout,2,late,sparse_trace,step-3,step-2,4,3,0,0.3333333333333333
E3_attribution_observability,E2::evaluation-0061-sha::timeout::sev2::late::1::sequential,evaluation-0061-sha,sequential,timeout,2,late,full_trace,step-3,step-2,4,2,0,0.5
E3_attribution_observability,E2::evaluation-0099-sta::timeout::sev2::middle::1::sequential,evaluation-0099-sta,sequential,timeout,2,middle,output_only,step-2,step-3,4,4,0,0.25
E3_attribution_observability,E2::evaluation-0099-sta::timeout::sev2::middle::1::sequential,evaluation-0099-sta,sequential,timeout,2,middle,sparse_trace,step-2,step-2,4,1,1,1.0
E3_attribution_observability,E2::evaluation-0099-sta::timeout::sev2::middle::1::sequential,evaluation-0099-sta,sequential,timeout,2,middle,full_trace,step-2,step-2,4,1,1,1.0
E3_attribution_observability,E2::evaluation-0094-sta::timeout::sev1::middle::0::parallel,evaluation-0094-sta,parallel,timeout,1,middle,output_only,worker-2,aggregate,5,4,0,0.25
E3_attribution_observability,E2::evaluation-0094-sta::timeout::sev1::middle::0::parallel,evaluation-0094-sta,parallel,timeout,1,middle,sparse_trace,worker-2,worker-2,5,1,1,1.0
E3_attribution_observability,E2::evaluation-0094-sta::timeout::sev1::middle::0::parallel,evaluation-0094-sta,parallel,timeout,1,middle,full_trace,worker-2,worker-2,5,1,1,1.0
E3_attribution_observability,E2::evaluation-0114-sta::referential_drift::sev1::middle::1::single,evaluation-0114-sta,single,referential_drift,1,middle,output_only,step-2,step-3,4,3,0,0.3333333333333333
E3_attribution_observability,E2::evaluation-0114-sta::referential_drift::sev1::middle::1::single,evaluation-0114-sta,single,referential_drift,1,middle,sparse_trace,step-2,step-2,4,1,1,1.0
E3_attribution_observability,E2::evaluation-0114-sta::referential_drift::sev1::middle::1::single,evaluation-0114-sta,single,referential_drift,1,middle,full_trace,step-2,step-2,4,1,1,1.0
E3_attribution_observability,E2::evaluation-0096-sha::referential_drift::sev1::early::0::single,evaluation-0096-sha,single,referential_drift,1,early,output_only,step-0,step-3,4,3,0,0.3333333333333333
E3_attribution_observability,E2::evaluation-0096-sha::referential_drift::sev1::early::0::single,evaluation-0096-sha,single,referential_drift,1,early,sparse_trace,step-0,step-0,4,1,1,1.0
E3_attribution_observability,E2::evaluation-0096-sha::referential_drift::sev1::early::0::single,evaluation-0096-sha,single,referential_drift,1,early,full_trace,step-0,step-0,4,1,1,1.0
E3_attribution_observability,E2::evaluation-0079-sta::truncation::sev1::late::1::parallel,evaluation-0079-sta,parallel,truncation,1,late,output_only,aggregate,aggregate,5,1,1,1.0
E3_attribution_observability,E2::evaluation-0079-sta::truncation::sev1::late::1::parallel,evaluation-0079-sta,parallel,truncation,1,late,sparse_trace,aggregate,aggregate,5,1,1,1.0
E3_attribution_observability,E2::evaluation-0079-sta::truncation::sev1::late::1::parallel,evaluation-0079-sta,parallel,truncation,1,late,full_trace,aggregate,aggregate,5,1,1,1.0
E3_attribution_observability,E2::evaluation-0080-ari::referential_drift::sev1::late::0::hierarchical,evaluation-0080-ari,hierarchical,referential_drift,1,late,output_only,root,root,7,1,1,1.0
E3_attribution_observability,E2::evaluation-0080-ari::referential_drift::sev1::late::0::hierarchical,evaluation-0080-ari,hierarchical,referential_drift,1,late,sparse_trace,root,root,7,1,1,1.0
E3_attribution_observability,E2::evaluation-0080-ari::referential_drift::sev1::late::0::hierarchical,evaluation-0080-ari,hierarchical,referential_drift,1,late,full_trace,root,root,7,1,1,1.0
E3_attribution_observability,E2::evaluation-0088-con::timeout::sev1::middle::1::parallel,evaluation-0088-con,parallel,timeout,1,middle,output_only,worker-2,aggregate,5,5,0,0.2
E3_attribution_observability,E2::evaluation-0088-con::timeout::sev1::middle::1::parallel,evaluation-0088-con,parallel,timeout,1,middle,sparse_trace,worker-2,worker-2,5,1,1,1.0
E3_attribution_observability,E2::evaluation-0088-con::timeout::sev1::middle::1::parallel,evaluation-0088-con,parallel,timeout,1,middle,full_trace,worker-2,worker-2,5,1,1,1.0
E3_attribution_observability,E2::evaluation-0091-sha::truncation::sev1::early::1::sequential,evaluation-0091-sha,sequential,truncation,1,early,output_only,step-0,step-3,4,3,0,0.3333333333333333
E3_attribution_observability,E2::evaluation-0091-sha::truncation::sev1::early::1::sequential,evaluation-0091-sha,sequential,truncation,1,early,sparse_trace,step-0,step-0,4,1,1,1.0
E3_attribution_observability,E2::evaluation-0091-sha::truncation::sev1::early::1::sequential,evaluation-0091-sha,sequential,truncation,1,early,full_trace,step-0,step-0,4,1,1,1.0
E3_attribution_observability,E2::evaluation-0116-sha::wrong_value::sev1::early::0::sequential,evaluation-0116-sha,sequential,wrong_value,1,early,output_only,step-0,step-3,4,3,0,0.3333333333333333
E3_attribution_observability,E2::evaluation-0116-sha::wrong_value::sev1::early::0::sequential,evaluation-0116-sha,sequential,wrong_value,1,early,sparse_trace,step-0,step-0,4,1,1,1.0
E3_attribution_observability,E2::evaluation-0116-sha::wrong_value::sev1::early::0::sequential,evaluation-0116-sha,sequential,wrong_value,1,early,full_trace,step-0,step-0,4,1,1,1.0
E3_attribution_observability,E2::evaluation-0106-sha::timeout::sev1::late::1::sequential,evaluation-0106-sha,sequential,timeout,1,late,output_only,step-3,step-3,4,1,1,1.0
E3_attribution_observability,E2::evaluation-0106-sha::timeout::sev1::late::1::sequential,evaluation-0106-sha,sequential,timeout,1,late,sparse_trace,step-3,step-2,4,2,0,0.5
E3_attribution_observability,E2::evaluation-0106-sha::timeout::sev1::late::1::sequential,evaluation-0106-sha,sequential,timeout,1,late,full_trace,step-3,step-3,4,1,1,1.0
E3_attribution_observability,E2::evaluation-0118-con::timeout::sev1::late::0::hierarchical,evaluation-0118-con,hierarchical,timeout,1,late,output_only,root,root,7,1,1,1.0
E3_attribution_observability,E2::evaluation-0118-con::timeout::sev1::late::0::hierarchical,evaluation-0118-con,hierarchical,timeout,1,late,sparse_trace,root,root,7,1,1,1.0
E3_attribution_observability,E2::evaluation-0118-con::timeout::sev1::late::0::hierarchical,evaluation-0118-con,hierarchical,timeout,1,late,full_trace,root,root,7,1,1,1.0
E3_attribution_observability,E2::evaluation-0094-sta::truncation::sev1::middle::1::hierarchical,evaluation-0094-sta,hierarchical,truncation,1,middle,output_only,manager-0,root,7,5,0,0.2
E3_attribution_observability,E2::evaluation-0094-sta::truncation::sev1::middle::1::hierarchical,evaluation-0094-sta,hierarchical,truncation,1,middle,sparse_trace,manager-0,worker-0,7,2,0,0.5
E3_attribution_observability,E2::evaluation-0094-sta::truncation::sev1::middle::1::hierarchical,evaluation-0094-sta,hierarchical,truncation,1,middle,full_trace,manager-0,worker-0,7,2,0,0.5
E3_attribution_observability,E2::evaluation-0063-con::wrong_value::sev1::middle::1::sequential,evaluation-0063-con,sequential,wrong_value,1,middle,output_only,step-2,step-3,4,3,0,0.3333333333333333
E3_attribution_observability,E2::evaluation-0063-con::wrong_value::sev1::middle::1::sequential,evaluation-0063-con,sequential,wrong_value,1,middle,sparse_trace,step-2,step-0,4,2,0,0.5
E3_attribution_observability,E2::evaluation-0063-con::wrong_value::sev1::middle::1::sequential,evaluation-0063-con,sequential,wrong_value,1,middle,full_trace,step-2,step-0,4,3,0,0.3333333333333333
E3_attribution_observability,E2::evaluation-0095-ari::truncation::sev1::early::0::single,evaluation-0095-ari,single,truncation,1,early,output_only,step-0,step-3,4,3,0,0.3333333333333333
E3_attribution_observability,E2::evaluation-0095-ari::truncation::sev1::early::0::single,evaluation-0095-ari,single,truncation,1,early,sparse_trace,step-0,step-0,4,1,1,1.0
E3_attribution_observability,E2::evaluation-0095-ari::truncation::sev1::early::0::single,evaluation-0095-ari,single,truncation,1,early,full_trace,step-0,step-0,4,1,1,1.0
E3_attribution_observability,E2::evaluation-0079-sta::wrong_value::sev2::late::0::hierarchical,evaluation-0079-sta,hierarchical,wrong_value,2,late,output_only,root,root,7,1,1,1.0
E3_attribution_observability,E2::evaluation-0079-sta::wrong_value::sev2::late::0::hierarchical,evaluation-0079-sta,hierarchical,wrong_value,2,late,sparse_trace,root,root,7,1,1,1.0
E3_attribution_observability,E2::evaluation-0079-sta::wrong_value::sev2::late::0::hierarchical,evaluation-0079-sta,hierarchical,wrong_value,2,late,full_trace,root,root,7,1,1,1.0
E3_attribution_observability,E2::evaluation-0101-sha::referential_drift::sev1::middle::0::parallel,evaluation-0101-sha,parallel,referential_drift,1,middle,output_only,worker-2,aggregate,5,4,0,0.25
E3_attribution_observability,E2::evaluation-0101-sha::referential_drift::sev1::middle::0::parallel,evaluation-0101-sha,parallel,referential_drift,1,middle,sparse_trace,worker-2,worker-2,5,1,1,1.0
E3_attribution_observability,E2::evaluation-0101-sha::referential_drift::sev1::middle::0::parallel,evaluation-0101-sha,parallel,referential_drift,1,middle,full_trace,worker-2,worker-2,5,1,1,1.0
E3_attribution_observability,E2::evaluation-0113-con::truncation::sev2::middle::1::parallel,evaluation-0113-con,parallel,truncation,2,middle,output_only,worker-2,aggregate,5,5,0,0.2
E3_attribution_observability,E2::evaluation-0113-con::truncation::sev2::middle::1::parallel,evaluation-0113-con,parallel,truncation,2,middle,sparse_trace,worker-2,worker-2,5,1,1,1.0
E3_attribution_observability,E2::evaluation-0113-con::truncation::sev2::middle::1::parallel,evaluation-0113-con,parallel,truncation,2,middle,full_trace,worker-2,worker-2,5,1,1,1.0
E3_attribution_observability,E2::evaluation-0119-sta::wrong_value::sev1::early::0::sequential,evaluation-0119-sta,sequential,wrong_value,1,early,output_only,step-0,step-3,4,2,0,0.5
E3_attribution_observability,E2::evaluation-0119-sta::wrong_value::sev1::early::0::sequential,evaluation-0119-sta,sequential,wrong_value,1,early,sparse_trace,step-0,step-0,4,1,1,1.0
E3_attribution_observability,E2::evaluation-0119-sta::wrong_value::sev1::early::0::sequential,evaluation-0119-sta,sequential,wrong_value,1,early,full_trace,step-0,step-0,4,1,1,1.0
E3_attribution_observability,E2::evaluation-0060-ari::truncation::sev2::middle::0::single,evaluation-0060-ari,single,truncation,2,middle,output_only,step-2,step-3,4,2,0,0.5
E3_attribution_observability,E2::evaluation-0060-ari::truncation::sev2::middle::0::single,evaluation-0060-ari,single,truncation,2,middle,sparse_trace,step-2,step-2,4,1,1,1.0
E3_attribution_observability,E2::evaluation-0060-ari::truncation::sev2::middle::0::single,evaluation-0060-ari,single,truncation,2,middle,full_trace,step-2,step-2,4,1,1,1.0
E3_attribution_observability,E2::evaluation-0112-evi::timeout::sev2::middle::0::single,evaluation-0112-evi,single,timeout,2,middle,output_only,step-2,step-3,4,2,0,0.5
E3_attribution_observability,E2::evaluation-0112-evi::timeout::sev2::middle::0::single,evaluation-0112-evi,single,timeout,2,middle,sparse_trace,step-2,step-2,4,1,1,1.0
E3_attribution_observability,E2::evaluation-0112-evi::timeout::sev2::middle::0::single,evaluation-0112-evi,single,timeout,2,middle,full_trace,step-2,step-2,4,1,1,1.0
E3_attribution_observability,E2::evaluation-0111-sha::timeout::sev2::middle::0::sequential,evaluation-0111-sha,sequential,timeout,2,middle,output_only,step-2,step-3,4,4,0,0.25
E3_attribution_observability,E2::evaluation-0111-sha::timeout::sev2::middle::0::sequential,evaluation-0111-sha,sequential,timeout,2,middle,sparse_trace,step-2,step-2,4,1,1,1.0
E3_attribution_observability,E2::evaluation-0111-sha::timeout::sev2::middle::0::sequential,evaluation-0111-sha,sequential,timeout,2,middle,full_trace,step-2,step-2,4,1,1,1.0
E3_attribution_observability,E2::evaluation-0067-evi::timeout::sev1::early::1::sequential,evaluation-0067-evi,sequential,timeout,1,early,output_only,step-0,step-3,4,4,0,0.25
E3_attribution_observability,E2::evaluation-0067-evi::timeout::sev1::early::1::sequential,evaluation-0067-evi,sequential,timeout,1,early,sparse_trace,step-0,step-0,4,1,1,1.0
E3_attribution_observability,E2::evaluation-0067-evi::timeout::sev1::early::1::sequential,evaluation-0067-evi,sequential,timeout,1,early,full_trace,step-0,step-0,4,1,1,1.0
E3_attribution_observability,E2::evaluation-0094-sta::timeout::sev1::middle::1::parallel,evaluation-0094-sta,parallel,timeout,1,middle,output_only,worker-2,aggregate,5,4,0,0.25
E3_attribution_observability,E2::evaluation-0094-sta::timeout::sev1::middle::1::parallel,evaluation-0094-sta,parallel,timeout,1,middle,sparse_trace,worker-2,worker-2,5,1,1,1.0
E3_attribution_observability,E2::evaluation-0094-sta::timeout::sev1::middle::1::parallel,evaluation-0094-sta,parallel,timeout,1,middle,full_trace,worker-2,worker-2,5,1,1,1.0
E3_attribution_observability,E2::evaluation-0103-con::timeout::sev2::early::1::sequential,evaluation-0103-con,sequential,timeout,2,early,output_only,step-0,step-3,4,4,0,0.25
E3_attribution_observability,E2::evaluation-0103-con::timeout::sev2::early::1::sequential,evaluation-0103-con,sequential,timeout,2,early,sparse_trace,step-0,step-0,4,1,1,1.0
E3_attribution_observability,E2::evaluation-0103-con::timeout::sev2::early::1::sequential,evaluation-0103-con,sequential,timeout,2,early,full_trace,step-0,step-0,4,1,1,1.0
E3_attribution_observability,E2::evaluation-0083-con::referential_drift::sev2::late::1::hierarchical,evaluation-0083-con,hierarchical,referential_drift,2,late,output_only,root,worker-3,7,5,0,0.2
E3_attribution_observability,E2::evaluation-0083-con::referential_drift::sev2::late::1::hierarchical,evaluation-0083-con,hierarchical,referential_drift,2,late,sparse_trace,root,worker-2,7,4,0,0.25
E3_attribution_observability,E2::evaluation-0083-con::referential_drift::sev2::late::1::hierarchical,evaluation-0083-con,hierarchical,referential_drift,2,late,full_trace,root,worker-3,7,4,0,0.25
E3_attribution_observability,E2::evaluation-0090-ari::referential_drift::sev2::late::0::single,evaluation-0090-ari,single,referential_drift,2,late,output_only,step-3,step-3,4,1,1,1.0
E3_attribution_observability,E2::evaluation-0090-ari::referential_drift::sev2::late::0::single,evaluation-0090-ari,single,referential_drift,2,late,sparse_trace,step-3,step-2,4,3,0,0.3333333333333333
E3_attribution_observability,E2::evaluation-0090-ari::referential_drift::sev2::late::0::single,evaluation-0090-ari,single,referential_drift,2,late,full_trace,step-3,step-3,4,1,1,1.0
E3_attribution_observability,E2::evaluation-0106-sha::wrong_value::sev1::late::0::hierarchical,evaluation-0106-sha,hierarchical,wrong_value,1,late,output_only,root,root,7,1,1,1.0
E3_attribution_observability,E2::evaluation-0106-sha::wrong_value::sev1::late::0::hierarchical,evaluation-0106-sha,hierarchical,wrong_value,1,late,sparse_trace,root,root,7,1,1,1.0
E3_attribution_observability,E2::evaluation-0106-sha::wrong_value::sev1::late::0::hierarchical,evaluation-0106-sha,hierarchical,wrong_value,1,late,full_trace,root,root,7,1,1,1.0
E3_attribution_observability,E2::evaluation-0081-sha::truncation::sev2::early::1::parallel,evaluation-0081-sha,parallel,truncation,2,early,output_only,worker-0,aggregate,5,4,0,0.25
E3_attribution_observability,E2::evaluation-0081-sha::truncation::sev2::early::1::parallel,evaluation-0081-sha,parallel,truncation,2,early,sparse_trace,worker-0,worker-0,5,1,1,1.0
E3_attribution_observability,E2::evaluation-0081-sha::truncation::sev2::early::1::parallel,evaluation-0081-sha,parallel,truncation,2,early,full_trace,worker-0,worker-0,5,1,1,1.0
E3_attribution_observability,E2::evaluation-0065-ari::referential_drift::sev2::early::1::single,evaluation-0065-ari,single,referential_drift,2,early,output_only,step-0,step-3,4,3,0,0.3333333333333333
E3_attribution_observability,E2::evaluation-0065-ari::referential_drift::sev2::early::1::single,evaluation-0065-ari,single,referential_drift,2,early,sparse_trace,step-0,step-0,4,1,1,1.0
E3_attribution_observability,E2::evaluation-0065-ari::referential_drift::sev2::early::1::single,evaluation-0065-ari,single,referential_drift,2,early,full_trace,step-0,step-0,4,1,1,1.0
E3_attribution_observability,E2::evaluation-0109-sta::truncation::sev1::early::0::single,evaluation-0109-sta,single,truncation,1,early,output_only,step-0,step-3,4,2,0,0.5
E3_attribution_observability,E2::evaluation-0109-sta::truncation::sev1::early::0::single,evaluation-0109-sta,single,truncation,1,early,sparse_trace,step-0,step-0,4,1,1,1.0
E3_attribution_observability,E2::evaluation-0109-sta::truncation::sev1::early::0::single,evaluation-0109-sta,single,truncation,1,early,full_trace,step-0,step-0,4,1,1,1.0
E3_attribution_observability,E2::evaluation-0095-ari::truncation::sev2::late::0::parallel,evaluation-0095-ari,parallel,truncation,2,late,output_only,aggregate,aggregate,5,1,1,1.0
E3_attribution_observability,E2::evaluation-0095-ari::truncation::sev2::late::0::parallel,evaluation-0095-ari,parallel,truncation,2,late,sparse_trace,aggregate,aggregate,5,1,1,1.0
E3_attribution_observability,E2::evaluation-0095-ari::truncation::sev2::late::0::parallel,evaluation-0095-ari,parallel,truncation,2,late,full_trace,aggregate,aggregate,5,1,1,1.0
E3_attribution_observability,E2::evaluation-0066-sha::timeout::sev1::middle::1::parallel,evaluation-0066-sha,parallel,timeout,1,middle,output_only,worker-2,aggregate,5,4,0,0.25
E3_attribution_observability,E2::evaluation-0066-sha::timeout::sev1::middle::1::parallel,evaluation-0066-sha,parallel,timeout,1,middle,sparse_trace,worker-2,worker-2,5,1,1,1.0
E3_attribution_observability,E2::evaluation-0066-sha::timeout::sev1::middle::1::parallel,evaluation-0066-sha,parallel,timeout,1,middle,full_trace,worker-2,worker-2,5,1,1,1.0
E3_attribution_observability,E2::evaluation-0077-evi::referential_drift::sev2::early::1::single,evaluation-0077-evi,single,referential_drift,2,early,output_only,step-0,step-3,4,2,0,0.5
E3_attribution_observability,E2::evaluation-0077-evi::referential_drift::sev2::early::1::single,evaluation-0077-evi,single,referential_drift,2,early,sparse_trace,step-0,step-0,4,1,1,1.0
E3_attribution_observability,E2::evaluation-0077-evi::referential_drift::sev2::early::1::single,evaluation-0077-evi,single,referential_drift,2,early,full_trace,step-0,step-0,4,1,1,1.0
E3_attribution_observability,E2::evaluation-0107-evi::timeout::sev2::late::0::parallel,evaluation-0107-evi,parallel,timeout,2,late,output_only,aggregate,aggregate,5,1,1,1.0
E3_attribution_observability,E2::evaluation-0107-evi::timeout::sev2::late::0::parallel,evaluation-0107-evi,parallel,timeout,2,late,sparse_trace,aggregate,aggregate,5,1,1,1.0
E3_attribution_observability,E2::evaluation-0107-evi::timeout::sev2::late::0::parallel,evaluation-0107-evi,parallel,timeout,2,late,full_trace,aggregate,aggregate,5,1,1,1.0
E3_attribution_observability,E2::evaluation-0093-con::truncation::sev2::middle::1::sequential,evaluation-0093-con,sequential,truncation,2,middle,output_only,step-2,step-3,4,2,0,0.5
E3_attribution_observability,E2::evaluation-0093-con::truncation::sev2::middle::1::sequential,evaluation-0093-con,sequential,truncation,2,middle,sparse_trace,step-2,step-2,4,1,1,1.0
E3_attribution_observability,E2::evaluation-0093-con::truncation::sev2::middle::1::sequential,evaluation-0093-con,sequential,truncation,2,middle,full_trace,step-2,step-2,4,1,1,1.0
E3_attribution_observability,E2::evaluation-0074-sta::wrong_value::sev2::early::0::parallel,evaluation-0074-sta,parallel,wrong_value,2,early,output_only,worker-0,aggregate,5,5,0,0.2
E3_attribution_observability,E2::evaluation-0074-sta::wrong_value::sev2::early::0::parallel,evaluation-0074-sta,parallel,wrong_value,2,early,sparse_trace,worker-0,worker-0,5,1,1,1.0
E3_attribution_observability,E2::evaluation-0074-sta::wrong_value::sev2::early::0::parallel,evaluation-0074-sta,parallel,wrong_value,2,early,full_trace,worker-0,worker-0,5,1,1,1.0
E3_attribution_observability,E2::evaluation-0086-sha::timeout::sev1::early::0::sequential,evaluation-0086-sha,sequential,timeout,1,early,output_only,step-0,step-3,4,3,0,0.3333333333333333
E3_attribution_observability,E2::evaluation-0086-sha::timeout::sev1::early::0::sequential,evaluation-0086-sha,sequential,timeout,1,early,sparse_trace,step-0,step-0,4,1,1,1.0
E3_attribution_observability,E2::evaluation-0086-sha::timeout::sev1::early::0::sequential,evaluation-0086-sha,sequential,timeout,1,early,full_trace,step-0,step-0,4,1,1,1.0
E3_attribution_observability,E2::evaluation-0114-sta::wrong_value::sev2::late::0::parallel,evaluation-0114-sta,parallel,wrong_value,2,late,output_only,aggregate,aggregate,5,1,1,1.0
E3_attribution_observability,E2::evaluation-0114-sta::wrong_value::sev2::late::0::parallel,evaluation-0114-sta,parallel,wrong_value,2,late,sparse_trace,aggregate,aggregate,5,1,1,1.0
E3_attribution_observability,E2::evaluation-0114-sta::wrong_value::sev2::late::0::parallel,evaluation-0114-sta,parallel,wrong_value,2,late,full_trace,aggregate,aggregate,5,1,1,1.0
E3_attribution_observability,E2::evaluation-0115-ari::referential_drift::sev1::early::1::single,evaluation-0115-ari,single,referential_drift,1,early,output_only,step-0,step-3,4,3,0,0.3333333333333333
E3_attribution_observability,E2::evaluation-0115-ari::referential_drift::sev1::early::1::single,evaluation-0115-ari,single,referential_drift,1,early,sparse_trace,step-0,step-0,4,1,1,1.0
E3_attribution_observability,E2::evaluation-0115-ari::referential_drift::sev1::early::1::single,evaluation-0115-ari,single,referential_drift,1,early,full_trace,step-0,step-0,4,1,1,1.0
E3_attribution_observability,E2::evaluation-0091-sha::referential_drift::sev1::early::0::hierarchical,evaluation-0091-sha,hierarchical,referential_drift,1,early,output_only,worker-0,root,7,2,0,0.5
E3_attribution_observability,E2::evaluation-0091-sha::referential_drift::sev1::early::0::hierarchical,evaluation-0091-sha,hierarchical,referential_drift,1,early,sparse_trace,worker-0,worker-0,7,1,1,1.0
E3_attribution_observability,E2::evaluation-0091-sha::referential_drift::sev1::early::0::hierarchical,evaluation-0091-sha,hierarchical,referential_drift,1,early,full_trace,worker-0,worker-0,7,1,1,1.0
E3_attribution_observability,E2::evaluation-0061-sha::timeout::sev2::middle::0::sequential,evaluation-0061-sha,sequential,timeout,2,middle,output_only,step-2,step-3,4,4,0,0.25
E3_attribution_observability,E2::evaluation-0061-sha::timeout::sev2::middle::0::sequential,evaluation-0061-sha,sequential,timeout,2,middle,sparse_trace,step-2,step-2,4,1,1,1.0
E3_attribution_observability,E2::evaluation-0061-sha::timeout::sev2::middle::0::sequential,evaluation-0061-sha,sequential,timeout,2,middle,full_trace,step-2,step-2,4,1,1,1.0
E3_attribution_observability,E2::evaluation-0076-sha::wrong_value::sev2::early::0::hierarchical,evaluation-0076-sha,hierarchical,wrong_value,2,early,output_only,worker-0,root,7,7,0,0.14285714285714285
E3_attribution_observability,E2::evaluation-0076-sha::wrong_value::sev2::early::0::hierarchical,evaluation-0076-sha,hierarchical,wrong_value,2,early,sparse_trace,worker-0,worker-0,7,1,1,1.0
E3_attribution_observability,E2::evaluation-0076-sha::wrong_value::sev2::early::0::hierarchical,evaluation-0076-sha,hierarchical,wrong_value,2,early,full_trace,worker-0,worker-0,7,1,1,1.0
E3_attribution_observability,E2::evaluation-0102-evi::wrong_value::sev1::late::1::parallel,evaluation-0102-evi,parallel,wrong_value,1,late,output_only,aggregate,aggregate,5,1,1,1.0
E3_attribution_observability,E2::evaluation-0102-evi::wrong_value::sev1::late::1::parallel,evaluation-0102-evi,parallel,wrong_value,1,late,sparse_trace,aggregate,aggregate,5,1,1,1.0
E3_attribution_observability,E2::evaluation-0102-evi::wrong_value::sev1::late::1::parallel,evaluation-0102-evi,parallel,wrong_value,1,late,full_trace,aggregate,aggregate,5,1,1,1.0
E3_attribution_observability,E2::evaluation-0078-con::timeout::sev2::early::1::single,evaluation-0078-con,single,timeout,2,early,output_only,step-0,step-3,4,4,0,0.25
E3_attribution_observability,E2::evaluation-0078-con::timeout::sev2::early::1::single,evaluation-0078-con,single,timeout,2,early,sparse_trace,step-0,step-0,4,1,1,1.0
E3_attribution_observability,E2::evaluation-0078-con::timeout::sev2::early::1::single,evaluation-0078-con,single,timeout,2,early,full_trace,step-0,step-0,4,1,1,1.0
E3_attribution_observability,E2::evaluation-0091-sha::wrong_value::sev1::middle::0::parallel,evaluation-0091-sha,parallel,wrong_value,1,middle,output_only,worker-2,aggregate,5,5,0,0.2
E3_attribution_observability,E2::evaluation-0091-sha::wrong_value::sev1::middle::0::parallel,evaluation-0091-sha,parallel,wrong_value,1,middle,sparse_trace,worker-2,worker-2,5,1,1,1.0
E3_attribution_observability,E2::evaluation-0091-sha::wrong_value::sev1::middle::0::parallel,evaluation-0091-sha,parallel,wrong_value,1,middle,full_trace,worker-2,worker-2,5,1,1,1.0
E3_attribution_observability,E2::evaluation-0108-con::referential_drift::sev2::late::0::hierarchical,evaluation-0108-con,hierarchical,referential_drift,2,late,output_only,root,root,7,1,1,1.0
E3_attribution_observability,E2::evaluation-0108-con::referential_drift::sev2::late::0::hierarchical,evaluation-0108-con,hierarchical,referential_drift,2,late,sparse_trace,root,worker-3,7,2,0,0.5
E3_attribution_observability,E2::evaluation-0108-con::referential_drift::sev2::late::0::hierarchical,evaluation-0108-con,hierarchical,referential_drift,2,late,full_trace,root,worker-3,7,3,0,0.3333333333333333
E3_attribution_observability,E2::evaluation-0104-sta::wrong_value::sev1::late::1::single,evaluation-0104-sta,single,wrong_value,1,late,output_only,step-3,step-3,4,1,1,1.0
E3_attribution_observability,E2::evaluation-0104-sta::wrong_value::sev1::late::1::single,evaluation-0104-sta,single,wrong_value,1,late,sparse_trace,step-3,step-3,4,1,1,1.0
E3_attribution_observability,E2::evaluation-0104-sta::wrong_value::sev1::late::1::single,evaluation-0104-sta,single,wrong_value,1,late,full_trace,step-3,step-3,4,1,1,1.0
E3_attribution_observability,E2::evaluation-0075-ari::timeout::sev1::late::1::hierarchical,evaluation-0075-ari,hierarchical,timeout,1,late,output_only,root,root,7,1,1,1.0
E3_attribution_observability,E2::evaluation-0075-ari::timeout::sev1::late::1::hierarchical,evaluation-0075-ari,hierarchical,timeout,1,late,sparse_trace,root,root,7,1,1,1.0
E3_attribution_observability,E2::evaluation-0075-ari::timeout::sev1::late::1::hierarchical,evaluation-0075-ari,hierarchical,timeout,1,late,full_trace,root,root,7,1,1,1.0
E3_attribution_observability,E2::evaluation-0090-ari::truncation::sev1::late::1::parallel,evaluation-0090-ari,parallel,truncation,1,late,output_only,aggregate,aggregate,5,1,1,1.0
E3_attribution_observability,E2::evaluation-0090-ari::truncation::sev1::late::1::parallel,evaluation-0090-ari,parallel,truncation,1,late,sparse_trace,aggregate,aggregate,5,1,1,1.0
E3_attribution_observability,E2::evaluation-0090-ari::truncation::sev1::late::1::parallel,evaluation-0090-ari,parallel,truncation,1,late,full_trace,aggregate,aggregate,5,1,1,1.0
E3_attribution_observability,E2::evaluation-0088-con::truncation::sev1::late::1::hierarchical,evaluation-0088-con,hierarchical,truncation,1,late,output_only,root,root,7,1,1,1.0
E3_attribution_observability,E2::evaluation-0088-con::truncation::sev1::late::1::hierarchical,evaluation-0088-con,hierarchical,truncation,1,late,sparse_trace,root,root,7,1,1,1.0
E3_attribution_observability,E2::evaluation-0088-con::truncation::sev1::late::1::hierarchical,evaluation-0088-con,hierarchical,truncation,1,late,full_trace,root,root,7,1,1,1.0
E3_attribution_observability,E2::evaluation-0080-ari::truncation::sev1::middle::0::sequential,evaluation-0080-ari,sequential,truncation,1,middle,output_only,step-2,step-3,4,4,0,0.25
E3_attribution_observability,E2::evaluation-0080-ari::truncation::sev1::middle::0::sequential,evaluation-0080-ari,sequential,truncation,1,middle,sparse_trace,step-2,step-2,4,1,1,1.0
E3_attribution_observability,E2::evaluation-0080-ari::truncation::sev1::middle::0::sequential,evaluation-0080-ari,sequential,truncation,1,middle,full_trace,step-2,step-2,4,1,1,1.0
E3_attribution_observability,E2::evaluation-0110-ari::wrong_value::sev2::late::0::sequential,evaluation-0110-ari,sequential,wrong_value,2,late,output_only,step-3,step-3,4,1,1,1.0
E3_attribution_observability,E2::evaluation-0110-ari::wrong_value::sev2::late::0::sequential,evaluation-0110-ari,sequential,wrong_value,2,late,sparse_trace,step-3,step-0,4,3,0,0.3333333333333333
E3_attribution_observability,E2::evaluation-0110-ari::wrong_value::sev2::late::0::sequential,evaluation-0110-ari,sequential,wrong_value,2,late,full_trace,step-3,step-3,4,1,1,1.0
E3_attribution_observability,E2::evaluation-0117-evi::referential_drift::sev2::middle::0::sequential,evaluation-0117-evi,sequential,referential_drift,2,middle,output_only,step-2,step-3,4,4,0,0.25
E3_attribution_observability,E2::evaluation-0117-evi::referential_drift::sev2::middle::0::sequential,evaluation-0117-evi,sequential,referential_drift,2,middle,sparse_trace,step-2,step-2,4,1,1,1.0
E3_attribution_observability,E2::evaluation-0117-evi::referential_drift::sev2::middle::0::sequential,evaluation-0117-evi,sequential,referential_drift,2,middle,full_trace,step-2,step-2,4,1,1,1.0
E3_attribution_observability,E2::evaluation-0075-ari::referential_drift::sev1::early::1::hierarchical,evaluation-0075-ari,hierarchical,referential_drift,1,early,output_only,worker-0,root,7,7,0,0.14285714285714285
E3_attribution_observability,E2::evaluation-0075-ari::referential_drift::sev1::early::1::hierarchical,evaluation-0075-ari,hierarchical,referential_drift,1,early,sparse_trace,worker-0,worker-0,7,1,1,1.0
E3_attribution_observability,E2::evaluation-0075-ari::referential_drift::sev1::early::1::hierarchical,evaluation-0075-ari,hierarchical,referential_drift,1,early,full_trace,worker-0,worker-0,7,1,1,1.0
E3_attribution_observability,E2::evaluation-0105-ari::timeout::sev2::early::1::single,evaluation-0105-ari,single,timeout,2,early,output_only,step-0,step-3,4,4,0,0.25
E3_attribution_observability,E2::evaluation-0105-ari::timeout::sev2::early::1::single,evaluation-0105-ari,single,timeout,2,early,sparse_trace,step-0,step-0,4,1,1,1.0
E3_attribution_observability,E2::evaluation-0105-ari::timeout::sev2::early::1::single,evaluation-0105-ari,single,timeout,2,early,full_trace,step-0,step-0,4,1,1,1.0
E3_attribution_observability,E2::evaluation-0092-evi::truncation::sev1::late::0::sequential,evaluation-0092-evi,sequential,truncation,1,late,output_only,step-3,step-3,4,1,1,1.0
E3_attribution_observability,E2::evaluation-0092-evi::truncation::sev1::late::0::sequential,evaluation-0092-evi,sequential,truncation,1,late,sparse_trace,step-3,step-2,4,2,0,0.5
E3_attribution_observability,E2::evaluation-0092-evi::truncation::sev1::late::0::sequential,evaluation-0092-evi,sequential,truncation,1,late,full_trace,step-3,step-3,4,1,1,1.0
E3_attribution_observability,E2::evaluation-0106-sha::referential_drift::sev1::early::1::single,evaluation-0106-sha,single,referential_drift,1,early,output_only,step-0,step-3,4,4,0,0.25
E3_attribution_observability,E2::evaluation-0106-sha::referential_drift::sev1::early::1::single,evaluation-0106-sha,single,referential_drift,1,early,sparse_trace,step-0,step-0,4,1,1,1.0
E3_attribution_observability,E2::evaluation-0106-sha::referential_drift::sev1::early::1::single,evaluation-0106-sha,single,referential_drift,1,early,full_trace,step-0,step-0,4,1,1,1.0
E3_attribution_observability,E2::evaluation-0080-ari::truncation::sev1::late::1::parallel,evaluation-0080-ari,parallel,truncation,1,late,output_only,aggregate,aggregate,5,1,1,1.0
E3_attribution_observability,E2::evaluation-0080-ari::truncation::sev1::late::1::parallel,evaluation-0080-ari,parallel,truncation,1,late,sparse_trace,aggregate,worker-0,5,2,0,0.5
E3_attribution_observability,E2::evaluation-0080-ari::truncation::sev1::late::1::parallel,evaluation-0080-ari,parallel,truncation,1,late,full_trace,aggregate,worker-0,5,2,0,0.5
E3_attribution_observability,E2::evaluation-0114-sta::timeout::sev1::middle::0::sequential,evaluation-0114-sta,sequential,timeout,1,middle,output_only,step-2,step-3,4,2,0,0.5
E3_attribution_observability,E2::evaluation-0114-sta::timeout::sev1::middle::0::sequential,evaluation-0114-sta,sequential,timeout,1,middle,sparse_trace,step-2,step-2,4,1,1,1.0
E3_attribution_observability,E2::evaluation-0114-sta::timeout::sev1::middle::0::sequential,evaluation-0114-sta,sequential,timeout,1,middle,full_trace,step-2,step-2,4,1,1,1.0
E3_attribution_observability,E2::evaluation-0072-evi::truncation::sev1::early::1::single,evaluation-0072-evi,single,truncation,1,early,output_only,step-0,step-3,4,4,0,0.25
E3_attribution_observability,E2::evaluation-0072-evi::truncation::sev1::early::1::single,evaluation-0072-evi,single,truncation,1,early,sparse_trace,step-0,step-0,4,1,1,1.0
E3_attribution_observability,E2::evaluation-0072-evi::truncation::sev1::early::1::single,evaluation-0072-evi,single,truncation,1,early,full_trace,step-0,step-0,4,1,1,1.0
E3_attribution_observability,E2::evaluation-0067-evi::truncation::sev2::early::0::single,evaluation-0067-evi,single,truncation,2,early,output_only,step-0,step-3,4,3,0,0.3333333333333333
E3_attribution_observability,E2::evaluation-0067-evi::truncation::sev2::early::0::single,evaluation-0067-evi,single,truncation,2,early,sparse_trace,step-0,step-0,4,1,1,1.0
E3_attribution_observability,E2::evaluation-0067-evi::truncation::sev2::early::0::single,evaluation-0067-evi,single,truncation,2,early,full_trace,step-0,step-0,4,1,1,1.0
E3_attribution_observability,E2::evaluation-0087-evi::referential_drift::sev2::late::0::single,evaluation-0087-evi,single,referential_drift,2,late,output_only,step-3,step-3,4,1,1,1.0
E3_attribution_observability,E2::evaluation-0087-evi::referential_drift::sev2::late::0::single,evaluation-0087-evi,single,referential_drift,2,late,sparse_trace,step-3,step-3,4,1,1,1.0
E3_attribution_observability,E2::evaluation-0087-evi::referential_drift::sev2::late::0::single,evaluation-0087-evi,single,referential_drift,2,late,full_trace,step-3,step-3,4,1,1,1.0
E3_attribution_observability,E2::evaluation-0086-sha::truncation::sev1::middle::0::sequential,evaluation-0086-sha,sequential,truncation,1,middle,output_only,step-2,step-3,4,3,0,0.3333333333333333
E3_attribution_observability,E2::evaluation-0086-sha::truncation::sev1::middle::0::sequential,evaluation-0086-sha,sequential,truncation,1,middle,sparse_trace,step-2,step-2,4,1,1,1.0
E3_attribution_observability,E2::evaluation-0086-sha::truncation::sev1::middle::0::sequential,evaluation-0086-sha,sequential,truncation,1,middle,full_trace,step-2,step-2,4,1,1,1.0
E3_attribution_observability,E2::evaluation-0061-sha::timeout::sev1::late::1::single,evaluation-0061-sha,single,timeout,1,late,output_only,step-3,step-3,4,1,1,1.0
E3_attribution_observability,E2::evaluation-0061-sha::timeout::sev1::late::1::single,evaluation-0061-sha,single,timeout,1,late,sparse_trace,step-3,step-3,4,1,1,1.0
E3_attribution_observability,E2::evaluation-0061-sha::timeout::sev1::late::1::single,evaluation-0061-sha,single,timeout,1,late,full_trace,step-3,step-3,4,1,1,1.0
E3_attribution_observability,E2::evaluation-0060-ari::timeout::sev1::early::1::parallel,evaluation-0060-ari,parallel,timeout,1,early,output_only,worker-0,aggregate,5,4,0,0.25
E3_attribution_observability,E2::evaluation-0060-ari::timeout::sev1::early::1::parallel,evaluation-0060-ari,parallel,timeout,1,early,sparse_trace,worker-0,worker-0,5,1,1,1.0
E3_attribution_observability,E2::evaluation-0060-ari::timeout::sev1::early::1::parallel,evaluation-0060-ari,parallel,timeout,1,early,full_trace,worker-0,worker-0,5,1,1,1.0
E3_attribution_observability,E2::evaluation-0106-sha::referential_drift::sev1::middle::1::sequential,evaluation-0106-sha,sequential,referential_drift,1,middle,output_only,step-2,step-3,4,4,0,0.25
E3_attribution_observability,E2::evaluation-0106-sha::referential_drift::sev1::middle::1::sequential,evaluation-0106-sha,sequential,referential_drift,1,middle,sparse_trace,step-2,step-2,4,1,1,1.0
E3_attribution_observability,E2::evaluation-0106-sha::referential_drift::sev1::middle::1::sequential,evaluation-0106-sha,sequential,referential_drift,1,middle,full_trace,step-2,step-2,4,1,1,1.0
E3_attribution_observability,E2::evaluation-0060-ari::referential_drift::sev1::middle::1::parallel,evaluation-0060-ari,parallel,referential_drift,1,middle,output_only,worker-2,aggregate,5,5,0,0.2
E3_attribution_observability,E2::evaluation-0060-ari::referential_drift::sev1::middle::1::parallel,evaluation-0060-ari,parallel,referential_drift,1,middle,sparse_trace,worker-2,worker-2,5,1,1,1.0
E3_attribution_observability,E2::evaluation-0060-ari::referential_drift::sev1::middle::1::parallel,evaluation-0060-ari,parallel,referential_drift,1,middle,full_trace,worker-2,worker-2,5,1,1,1.0
E3_attribution_observability,E2::evaluation-0096-sha::referential_drift::sev2::middle::1::single,evaluation-0096-sha,single,referential_drift,2,middle,output_only,step-2,step-3,4,3,0,0.3333333333333333
E3_attribution_observability,E2::evaluation-0096-sha::referential_drift::sev2::middle::1::single,evaluation-0096-sha,single,referential_drift,2,middle,sparse_trace,step-2,step-2,4,1,1,1.0
E3_attribution_observability,E2::evaluation-0096-sha::referential_drift::sev2::middle::1::single,evaluation-0096-sha,single,referential_drift,2,middle,full_trace,step-2,step-2,4,1,1,1.0
E3_attribution_observability,E2::evaluation-0103-con::truncation::sev2::late::1::hierarchical,evaluation-0103-con,hierarchical,truncation,2,late,output_only,root,root,7,1,1,1.0
E3_attribution_observability,E2::evaluation-0103-con::truncation::sev2::late::1::hierarchical,evaluation-0103-con,hierarchical,truncation,2,late,sparse_trace,root,root,7,1,1,1.0
E3_attribution_observability,E2::evaluation-0103-con::truncation::sev2::late::1::hierarchical,evaluation-0103-con,hierarchical,truncation,2,late,full_trace,root,root,7,1,1,1.0
E3_attribution_observability,E2::evaluation-0071-sha::timeout::sev1::early::0::sequential,evaluation-0071-sha,sequential,timeout,1,early,output_only,step-0,step-3,4,3,0,0.3333333333333333
E3_attribution_observability,E2::evaluation-0071-sha::timeout::sev1::early::0::sequential,evaluation-0071-sha,sequential,timeout,1,early,sparse_trace,step-0,step-0,4,1,1,1.0
E3_attribution_observability,E2::evaluation-0071-sha::timeout::sev1::early::0::sequential,evaluation-0071-sha,sequential,timeout,1,early,full_trace,step-0,step-0,4,1,1,1.0
E3_attribution_observability,E2::evaluation-0079-sta::referential_drift::sev2::middle::1::single,evaluation-0079-sta,single,referential_drift,2,middle,output_only,step-2,step-3,4,4,0,0.25
E3_attribution_observability,E2::evaluation-0079-sta::referential_drift::sev2::middle::1::single,evaluation-0079-sta,single,referential_drift,2,middle,sparse_trace,step-2,step-2,4,1,1,1.0
E3_attribution_observability,E2::evaluation-0079-sta::referential_drift::sev2::middle::1::single,evaluation-0079-sta,single,referential_drift,2,middle,full_trace,step-2,step-2,4,1,1,1.0
E3_attribution_observability,E2::evaluation-0117-evi::timeout::sev2::early::0::parallel,evaluation-0117-evi,parallel,timeout,2,early,output_only,worker-0,aggregate,5,5,0,0.2
E3_attribution_observability,E2::evaluation-0117-evi::timeout::sev2::early::0::parallel,evaluation-0117-evi,parallel,timeout,2,early,sparse_trace,worker-0,worker-0,5,1,1,1.0
E3_attribution_observability,E2::evaluation-0117-evi::timeout::sev2::early::0::parallel,evaluation-0117-evi,parallel,timeout,2,early,full_trace,worker-0,worker-0,5,1,1,1.0
E3_attribution_observability,E2::evaluation-0113-con::truncation::sev2::late::0::single,evaluation-0113-con,single,truncation,2,late,output_only,step-3,step-3,4,1,1,1.0
E3_attribution_observability,E2::evaluation-0113-con::truncation::sev2::late::0::single,evaluation-0113-con,single,truncation,2,late,sparse_trace,step-3,step-2,4,4,0,0.25
E3_attribution_observability,E2::evaluation-0113-con::truncation::sev2::late::0::single,evaluation-0113-con,single,truncation,2,late,full_trace,step-3,step-3,4,1,1,1.0
E3_attribution_observability,E2::evaluation-0118-con::truncation::sev2::late::0::sequential,evaluation-0118-con,sequential,truncation,2,late,output_only,step-3,step-3,4,1,1,1.0
E3_attribution_observability,E2::evaluation-0118-con::truncation::sev2::late::0::sequential,evaluation-0118-con,sequential,truncation,2,late,sparse_trace,step-3,step-0,4,3,0,0.3333333333333333
E3_attribution_observability,E2::evaluation-0118-con::truncation::sev2::late::0::sequential,evaluation-0118-con,sequential,truncation,2,late,full_trace,step-3,step-3,4,1,1,1.0
E3_attribution_observability,E2::evaluation-0077-evi::timeout::sev2::early::0::parallel,evaluation-0077-evi,parallel,timeout,2,early,output_only,worker-0,aggregate,5,2,0,0.5
E3_attribution_observability,E2::evaluation-0077-evi::timeout::sev2::early::0::parallel,evaluation-0077-evi,parallel,timeout,2,early,sparse_trace,worker-0,worker-0,5,1,1,1.0
E3_attribution_observability,E2::evaluation-0077-evi::timeout::sev2::early::0::parallel,evaluation-0077-evi,parallel,timeout,2,early,full_trace,worker-0,worker-0,5,1,1,1.0
E3_attribution_observability,E2::evaluation-0117-evi::truncation::sev1::middle::0::sequential,evaluation-0117-evi,sequential,truncation,1,middle,output_only,step-2,step-3,4,4,0,0.25
E3_attribution_observability,E2::evaluation-0117-evi::truncation::sev1::middle::0::sequential,evaluation-0117-evi,sequential,truncation,1,middle,sparse_trace,step-2,step-2,4,1,1,1.0
E3_attribution_observability,E2::evaluation-0117-evi::truncation::sev1::middle::0::sequential,evaluation-0117-evi,sequential,truncation,1,middle,full_trace,step-2,step-2,4,1,1,1.0
E3_attribution_observability,E2::evaluation-0090-ari::wrong_value::sev2::late::1::single,evaluation-0090-ari,single,wrong_value,2,late,output_only,step-3,step-3,4,1,1,1.0
E3_attribution_observability,E2::evaluation-0090-ari::wrong_value::sev2::late::1::single,evaluation-0090-ari,single,wrong_value,2,late,sparse_trace,step-3,step-0,4,4,0,0.25
E3_attribution_observability,E2::evaluation-0090-ari::wrong_value::sev2::late::1::single,evaluation-0090-ari,single,wrong_value,2,late,full_trace,step-3,step-0,4,4,0,0.25
E3_attribution_observability,E2::evaluation-0061-sha::timeout::sev2::early::1::single,evaluation-0061-sha,single,timeout,2,early,output_only,step-0,step-3,4,2,0,0.5
E3_attribution_observability,E2::evaluation-0061-sha::timeout::sev2::early::1::single,evaluation-0061-sha,single,timeout,2,early,sparse_trace,step-0,step-0,4,1,1,1.0
E3_attribution_observability,E2::evaluation-0061-sha::timeout::sev2::early::1::single,evaluation-0061-sha,single,timeout,2,early,full_trace,step-0,step-0,4,1,1,1.0
E3_attribution_observability,E2::evaluation-0085-ari::wrong_value::sev2::middle::0::sequential,evaluation-0085-ari,sequential,wrong_value,2,middle,output_only,step-2,step-3,4,2,0,0.5
E3_attribution_observability,E2::evaluation-0085-ari::wrong_value::sev2::middle::0::sequential,evaluation-0085-ari,sequential,wrong_value,2,middle,sparse_trace,step-2,step-2,4,1,1,1.0
E3_attribution_observability,E2::evaluation-0085-ari::wrong_value::sev2::middle::0::sequential,evaluation-0085-ari,sequential,wrong_value,2,middle,full_trace,step-2,step-1,4,2,0,0.5
E3_attribution_observability,E2::evaluation-0105-ari::wrong_value::sev2::late::1::single,evaluation-0105-ari,single,wrong_value,2,late,output_only,step-3,step-3,4,1,1,1.0
E3_attribution_observability,E2::evaluation-0105-ari::wrong_value::sev2::late::1::single,evaluation-0105-ari,single,wrong_value,2,late,sparse_trace,step-3,step-1,4,2,0,0.5
E3_attribution_observability,E2::evaluation-0105-ari::wrong_value::sev2::late::1::single,evaluation-0105-ari,single,wrong_value,2,late,full_trace,step-3,step-3,4,1,1,1.0
E3_attribution_observability,E2::evaluation-0060-ari::timeout::sev2::middle::0::parallel,evaluation-0060-ari,parallel,timeout,2,middle,output_only,worker-2,aggregate,5,4,0,0.25
E3_attribution_observability,E2::evaluation-0060-ari::timeout::sev2::middle::0::parallel,evaluation-0060-ari,parallel,timeout,2,middle,sparse_trace,worker-2,worker-2,5,1,1,1.0
E3_attribution_observability,E2::evaluation-0060-ari::timeout::sev2::middle::0::parallel,evaluation-0060-ari,parallel,timeout,2,middle,full_trace,worker-2,worker-2,5,1,1,1.0
E3_attribution_observability,E2::evaluation-0116-sha::wrong_value::sev2::late::0::parallel,evaluation-0116-sha,parallel,wrong_value,2,late,output_only,aggregate,aggregate,5,1,1,1.0
E3_attribution_observability,E2::evaluation-0116-sha::wrong_value::sev2::late::0::parallel,evaluation-0116-sha,parallel,wrong_value,2,late,sparse_trace,aggregate,aggregate,5,1,1,1.0
E3_attribution_observability,E2::evaluation-0116-sha::wrong_value::sev2::late::0::parallel,evaluation-0116-sha,parallel,wrong_value,2,late,full_trace,aggregate,aggregate,5,1,1,1.0
E3_attribution_observability,E2::evaluation-0060-ari::truncation::sev2::late::1::single,evaluation-0060-ari,single,truncation,2,late,output_only,step-3,step-3,4,1,1,1.0
E3_attribution_observability,E2::evaluation-0060-ari::truncation::sev2::late::1::single,evaluation-0060-ari,single,truncation,2,late,sparse_trace,step-3,step-1,4,2,0,0.5
E3_attribution_observability,E2::evaluation-0060-ari::truncation::sev2::late::1::single,evaluation-0060-ari,single,truncation,2,late,full_trace,step-3,step-3,4,1,1,1.0
E3_attribution_observability,E2::evaluation-0110-ari::truncation::sev1::middle::1::single,evaluation-0110-ari,single,truncation,1,middle,output_only,step-2,step-3,4,2,0,0.5
E3_attribution_observability,E2::evaluation-0110-ari::truncation::sev1::middle::1::single,evaluation-0110-ari,single,truncation,1,middle,sparse_trace,step-2,step-2,4,1,1,1.0
E3_attribution_observability,E2::evaluation-0110-ari::truncation::sev1::middle::1::single,evaluation-0110-ari,single,truncation,1,middle,full_trace,step-2,step-2,4,1,1,1.0
E3_attribution_observability,E2::evaluation-0076-sha::wrong_value::sev2::early::1::parallel,evaluation-0076-sha,parallel,wrong_value,2,early,output_only,worker-0,aggregate,5,5,0,0.2
E3_attribution_observability,E2::evaluation-0076-sha::wrong_value::sev2::early::1::parallel,evaluation-0076-sha,parallel,wrong_value,2,early,sparse_trace,worker-0,worker-0,5,1,1,1.0
E3_attribution_observability,E2::evaluation-0076-sha::wrong_value::sev2::early::1::parallel,evaluation-0076-sha,parallel,wrong_value,2,early,full_trace,worker-0,worker-0,5,1,1,1.0
E3_attribution_observability,E2::evaluation-0076-sha::truncation::sev1::late::1::parallel,evaluation-0076-sha,parallel,truncation,1,late,output_only,aggregate,aggregate,5,1,1,1.0
E3_attribution_observability,E2::evaluation-0076-sha::truncation::sev1::late::1::parallel,evaluation-0076-sha,parallel,truncation,1,late,sparse_trace,aggregate,aggregate,5,1,1,1.0
E3_attribution_observability,E2::evaluation-0076-sha::truncation::sev1::late::1::parallel,evaluation-0076-sha,parallel,truncation,1,late,full_trace,aggregate,aggregate,5,1,1,1.0
E3_attribution_observability,E2::evaluation-0090-ari::referential_drift::sev2::early::0::single,evaluation-0090-ari,single,referential_drift,2,early,output_only,step-0,step-3,4,3,0,0.3333333333333333
E3_attribution_observability,E2::evaluation-0090-ari::referential_drift::sev2::early::0::single,evaluation-0090-ari,single,referential_drift,2,early,sparse_trace,step-0,step-0,4,1,1,1.0
E3_attribution_observability,E2::evaluation-0090-ari::referential_drift::sev2::early::0::single,evaluation-0090-ari,single,referential_drift,2,early,full_trace,step-0,step-0,4,1,1,1.0
E3_attribution_observability,E2::evaluation-0076-sha::truncation::sev2::middle::1::sequential,evaluation-0076-sha,sequential,truncation,2,middle,output_only,step-2,step-3,4,2,0,0.5
E3_attribution_observability,E2::evaluation-0076-sha::truncation::sev2::middle::1::sequential,evaluation-0076-sha,sequential,truncation,2,middle,sparse_trace,step-2,step-2,4,1,1,1.0
E3_attribution_observability,E2::evaluation-0076-sha::truncation::sev2::middle::1::sequential,evaluation-0076-sha,sequential,truncation,2,middle,full_trace,step-2,step-2,4,1,1,1.0
E3_attribution_observability,E2::evaluation-0061-sha::referential_drift::sev1::late::1::single,evaluation-0061-sha,single,referential_drift,1,late,output_only,step-3,step-3,4,1,1,1.0
E3_attribution_observability,E2::evaluation-0061-sha::referential_drift::sev1::late::1::single,evaluation-0061-sha,single,referential_drift,1,late,sparse_trace,step-3,step-1,4,2,0,0.5
E3_attribution_observability,E2::evaluation-0061-sha::referential_drift::sev1::late::1::single,evaluation-0061-sha,single,referential_drift,1,late,full_trace,step-3,step-3,4,1,1,1.0
E3_attribution_observability,E2::evaluation-0066-sha::timeout::sev1::middle::0::parallel,evaluation-0066-sha,parallel,timeout,1,middle,output_only,worker-2,aggregate,5,4,0,0.25
E3_attribution_observability,E2::evaluation-0066-sha::timeout::sev1::middle::0::parallel,evaluation-0066-sha,parallel,timeout,1,middle,sparse_trace,worker-2,worker-0,5,2,0,0.5
E3_attribution_observability,E2::evaluation-0066-sha::timeout::sev1::middle::0::parallel,evaluation-0066-sha,parallel,timeout,1,middle,full_trace,worker-2,worker-0,5,2,0,0.5
E3_attribution_observability,E2::evaluation-0091-sha::truncation::sev1::late::0::single,evaluation-0091-sha,single,truncation,1,late,output_only,step-3,step-3,4,1,1,1.0
E3_attribution_observability,E2::evaluation-0091-sha::truncation::sev1::late::0::single,evaluation-0091-sha,single,truncation,1,late,sparse_trace,step-3,step-1,4,3,0,0.3333333333333333
E3_attribution_observability,E2::evaluation-0091-sha::truncation::sev1::late::0::single,evaluation-0091-sha,single,truncation,1,late,full_trace,step-3,step-3,4,1,1,1.0
E3_attribution_observability,E2::evaluation-0077-evi::truncation::sev1::middle::0::parallel,evaluation-0077-evi,parallel,truncation,1,middle,output_only,worker-2,aggregate,5,3,0,0.3333333333333333
E3_attribution_observability,E2::evaluation-0077-evi::truncation::sev1::middle::0::parallel,evaluation-0077-evi,parallel,truncation,1,middle,sparse_trace,worker-2,worker-2,5,1,1,1.0
E3_attribution_observability,E2::evaluation-0077-evi::truncation::sev1::middle::0::parallel,evaluation-0077-evi,parallel,truncation,1,middle,full_trace,worker-2,worker-2,5,1,1,1.0
E3_attribution_observability,E2::evaluation-0097-evi::timeout::sev1::middle::1::parallel,evaluation-0097-evi,parallel,timeout,1,middle,output_only,worker-2,aggregate,5,5,0,0.2
E3_attribution_observability,E2::evaluation-0097-evi::timeout::sev1::middle::1::parallel,evaluation-0097-evi,parallel,timeout,1,middle,sparse_trace,worker-2,worker-2,5,1,1,1.0
E3_attribution_observability,E2::evaluation-0097-evi::timeout::sev1::middle::1::parallel,evaluation-0097-evi,parallel,timeout,1,middle,full_trace,worker-2,worker-2,5,1,1,1.0
E3_attribution_observability,E2::evaluation-0107-evi::timeout::sev1::late::0::hierarchical,evaluation-0107-evi,hierarchical,timeout,1,late,output_only,root,root,7,1,1,1.0
E3_attribution_observability,E2::evaluation-0107-evi::timeout::sev1::late::0::hierarchical,evaluation-0107-evi,hierarchical,timeout,1,late,sparse_trace,root,worker-2,7,2,0,0.5
E3_attribution_observability,E2::evaluation-0107-evi::timeout::sev1::late::0::hierarchical,evaluation-0107-evi,hierarchical,timeout,1,late,full_trace,root,worker-2,7,3,0,0.3333333333333333
E3_attribution_observability,E2::evaluation-0117-evi::timeout::sev1::late::1::sequential,evaluation-0117-evi,sequential,timeout,1,late,output_only,step-3,step-3,4,1,1,1.0
E3_attribution_observability,E2::evaluation-0117-evi::timeout::sev1::late::1::sequential,evaluation-0117-evi,sequential,timeout,1,late,sparse_trace,step-3,step-0,4,2,0,0.5
E3_attribution_observability,E2::evaluation-0117-evi::timeout::sev1::late::1::sequential,evaluation-0117-evi,sequential,timeout,1,late,full_trace,step-3,step-3,4,1,1,1.0
E3_attribution_observability,E2::evaluation-0076-sha::wrong_value::sev1::middle::1::parallel,evaluation-0076-sha,parallel,wrong_value,1,middle,output_only,worker-2,aggregate,5,4,0,0.25
E3_attribution_observability,E2::evaluation-0076-sha::wrong_value::sev1::middle::1::parallel,evaluation-0076-sha,parallel,wrong_value,1,middle,sparse_trace,worker-2,worker-2,5,1,1,1.0
E3_attribution_observability,E2::evaluation-0076-sha::wrong_value::sev1::middle::1::parallel,evaluation-0076-sha,parallel,wrong_value,1,middle,full_trace,worker-2,worker-2,5,1,1,1.0
E3_attribution_observability,E2::evaluation-0060-ari::wrong_value::sev1::late::1::hierarchical,evaluation-0060-ari,hierarchical,wrong_value,1,late,output_only,root,manager-1,7,3,0,0.3333333333333333
E3_attribution_observability,E2::evaluation-0060-ari::wrong_value::sev1::late::1::hierarchical,evaluation-0060-ari,hierarchical,wrong_value,1,late,sparse_trace,root,worker-2,7,2,0,0.5
E3_attribution_observability,E2::evaluation-0060-ari::wrong_value::sev1::late::1::hierarchical,evaluation-0060-ari,hierarchical,wrong_value,1,late,full_trace,root,manager-1,7,7,0,0.14285714285714285
E3_attribution_observability,E2::evaluation-0080-ari::wrong_value::sev2::early::0::single,evaluation-0080-ari,single,wrong_value,2,early,output_only,step-0,step-3,4,3,0,0.3333333333333333
E3_attribution_observability,E2::evaluation-0080-ari::wrong_value::sev2::early::0::single,evaluation-0080-ari,single,wrong_value,2,early,sparse_trace,step-0,step-0,4,1,1,1.0
E3_attribution_observability,E2::evaluation-0080-ari::wrong_value::sev2::early::0::single,evaluation-0080-ari,single,wrong_value,2,early,full_trace,step-0,step-0,4,1,1,1.0
E3_attribution_observability,E2::evaluation-0078-con::referential_drift::sev1::middle::1::hierarchical,evaluation-0078-con,hierarchical,referential_drift,1,middle,output_only,manager-0,root,7,2,0,0.5
E3_attribution_observability,E2::evaluation-0078-con::referential_drift::sev1::middle::1::hierarchical,evaluation-0078-con,hierarchical,referential_drift,1,middle,sparse_trace,manager-0,manager-0,7,1,1,1.0
E3_attribution_observability,E2::evaluation-0078-con::referential_drift::sev1::middle::1::hierarchical,evaluation-0078-con,hierarchical,referential_drift,1,middle,full_trace,manager-0,manager-0,7,1,1,1.0
E3_attribution_observability,E2::evaluation-0119-sta::truncation::sev2::early::1::hierarchical,evaluation-0119-sta,hierarchical,truncation,2,early,output_only,worker-0,root,7,4,0,0.25
E3_attribution_observability,E2::evaluation-0119-sta::truncation::sev2::early::1::hierarchical,evaluation-0119-sta,hierarchical,truncation,2,early,sparse_trace,worker-0,worker-0,7,1,1,1.0
E3_attribution_observability,E2::evaluation-0119-sta::truncation::sev2::early::1::hierarchical,evaluation-0119-sta,hierarchical,truncation,2,early,full_trace,worker-0,worker-0,7,1,1,1.0
E3_attribution_observability,E2::evaluation-0119-sta::referential_drift::sev1::late::0::parallel,evaluation-0119-sta,parallel,referential_drift,1,late,output_only,aggregate,aggregate,5,1,1,1.0
E3_attribution_observability,E2::evaluation-0119-sta::referential_drift::sev1::late::0::parallel,evaluation-0119-sta,parallel,referential_drift,1,late,sparse_trace,aggregate,aggregate,5,1,1,1.0
E3_attribution_observability,E2::evaluation-0119-sta::referential_drift::sev1::late::0::parallel,evaluation-0119-sta,parallel,referential_drift,1,late,full_trace,aggregate,aggregate,5,1,1,1.0
E3_attribution_observability,E2::evaluation-0062-evi::truncation::sev1::middle::1::sequential,evaluation-0062-evi,sequential,truncation,1,middle,output_only,step-2,step-3,4,3,0,0.3333333333333333
E3_attribution_observability,E2::evaluation-0062-evi::truncation::sev1::middle::1::sequential,evaluation-0062-evi,sequential,truncation,1,middle,sparse_trace,step-2,step-2,4,1,1,1.0
E3_attribution_observability,E2::evaluation-0062-evi::truncation::sev1::middle::1::sequential,evaluation-0062-evi,sequential,truncation,1,middle,full_trace,step-2,step-2,4,1,1,1.0
E3_attribution_observability,E2::evaluation-0086-sha::truncation::sev1::late::1::single,evaluation-0086-sha,single,truncation,1,late,output_only,step-3,step-3,4,1,1,1.0
E3_attribution_observability,E2::evaluation-0086-sha::truncation::sev1::late::1::single,evaluation-0086-sha,single,truncation,1,late,sparse_trace,step-3,step-2,4,3,0,0.3333333333333333
E3_attribution_observability,E2::evaluation-0086-sha::truncation::sev1::late::1::single,evaluation-0086-sha,single,truncation,1,late,full_trace,step-3,step-3,4,1,1,1.0
E3_attribution_observability,E2::evaluation-0100-ari::timeout::sev2::late::1::hierarchical,evaluation-0100-ari,hierarchical,timeout,2,late,output_only,root,root,7,1,1,1.0
E3_attribution_observability,E2::evaluation-0100-ari::timeout::sev2::late::1::hierarchical,evaluation-0100-ari,hierarchical,timeout,2,late,sparse_trace,root,root,7,1,1,1.0
E3_attribution_observability,E2::evaluation-0100-ari::timeout::sev2::late::1::hierarchical,evaluation-0100-ari,hierarchical,timeout,2,late,full_trace,root,root,7,1,1,1.0
E3_attribution_observability,E2::evaluation-0100-ari::truncation::sev1::late::1::hierarchical,evaluation-0100-ari,hierarchical,truncation,1,late,output_only,root,root,7,1,1,1.0
E3_attribution_observability,E2::evaluation-0100-ari::truncation::sev1::late::1::hierarchical,evaluation-0100-ari,hierarchical,truncation,1,late,sparse_trace,root,root,7,1,1,1.0
E3_attribution_observability,E2::evaluation-0100-ari::truncation::sev1::late::1::hierarchical,evaluation-0100-ari,hierarchical,truncation,1,late,full_trace,root,root,7,1,1,1.0
E3_attribution_observability,E2::evaluation-0094-sta::wrong_value::sev2::early::0::single,evaluation-0094-sta,single,wrong_value,2,early,output_only,step-0,step-3,4,2,0,0.5
E3_attribution_observability,E2::evaluation-0094-sta::wrong_value::sev2::early::0::single,evaluation-0094-sta,single,wrong_value,2,early,sparse_trace,step-0,step-0,4,1,1,1.0
E3_attribution_observability,E2::evaluation-0094-sta::wrong_value::sev2::early::0::single,evaluation-0094-sta,single,wrong_value,2,early,full_trace,step-0,step-0,4,1,1,1.0
E3_attribution_observability,E2::evaluation-0068-con::timeout::sev2::middle::0::parallel,evaluation-0068-con,parallel,timeout,2,middle,output_only,worker-2,aggregate,5,5,0,0.2
E3_attribution_observability,E2::evaluation-0068-con::timeout::sev2::middle::0::parallel,evaluation-0068-con,parallel,timeout,2,middle,sparse_trace,worker-2,worker-2,5,1,1,1.0
E3_attribution_observability,E2::evaluation-0068-con::timeout::sev2::middle::0::parallel,evaluation-0068-con,parallel,timeout,2,middle,full_trace,worker-2,worker-2,5,1,1,1.0
E3_attribution_observability,E2::evaluation-0099-sta::referential_drift::sev2::early::1::single,evaluation-0099-sta,single,referential_drift,2,early,output_only,step-0,step-3,4,4,0,0.25
E3_attribution_observability,E2::evaluation-0099-sta::referential_drift::sev2::early::1::single,evaluation-0099-sta,single,referential_drift,2,early,sparse_trace,step-0,step-0,4,1,1,1.0
E3_attribution_observability,E2::evaluation-0099-sta::referential_drift::sev2::early::1::single,evaluation-0099-sta,single,referential_drift,2,early,full_trace,step-0,step-0,4,1,1,1.0
E3_attribution_observability,E2::evaluation-0066-sha::timeout::sev1::late::0::single,evaluation-0066-sha,single,timeout,1,late,output_only,step-3,step-3,4,1,1,1.0
E3_attribution_observability,E2::evaluation-0066-sha::timeout::sev1::late::0::single,evaluation-0066-sha,single,timeout,1,late,sparse_trace,step-3,step-1,4,3,0,0.3333333333333333
E3_attribution_observability,E2::evaluation-0066-sha::timeout::sev1::late::0::single,evaluation-0066-sha,single,timeout,1,late,full_trace,step-3,step-3,4,1,1,1.0
E3_attribution_observability,E2::evaluation-0064-sta::referential_drift::sev2::early::0::single,evaluation-0064-sta,single,referential_drift,2,early,output_only,step-0,step-3,4,3,0,0.3333333333333333
E3_attribution_observability,E2::evaluation-0064-sta::referential_drift::sev2::early::0::single,evaluation-0064-sta,single,referential_drift,2,early,sparse_trace,step-0,step-0,4,1,1,1.0
E3_attribution_observability,E2::evaluation-0064-sta::referential_drift::sev2::early::0::single,evaluation-0064-sta,single,referential_drift,2,early,full_trace,step-0,step-0,4,1,1,1.0
E3_attribution_observability,E2::evaluation-0116-sha::referential_drift::sev1::middle::1::sequential,evaluation-0116-sha,sequential,referential_drift,1,middle,output_only,step-2,step-3,4,3,0,0.3333333333333333
E3_attribution_observability,E2::evaluation-0116-sha::referential_drift::sev1::middle::1::sequential,evaluation-0116-sha,sequential,referential_drift,1,middle,sparse_trace,step-2,step-2,4,1,1,1.0
E3_attribution_observability,E2::evaluation-0116-sha::referential_drift::sev1::middle::1::sequential,evaluation-0116-sha,sequential,referential_drift,1,middle,full_trace,step-2,step-2,4,1,1,1.0
E3_attribution_observability,E2::evaluation-0110-ari::referential_drift::sev1::late::1::sequential,evaluation-0110-ari,sequential,referential_drift,1,late,output_only,step-3,step-3,4,1,1,1.0
E3_attribution_observability,E2::evaluation-0110-ari::referential_drift::sev1::late::1::sequential,evaluation-0110-ari,sequential,referential_drift,1,late,sparse_trace,step-3,step-3,4,1,1,1.0
E3_attribution_observability,E2::evaluation-0110-ari::referential_drift::sev1::late::1::sequential,evaluation-0110-ari,sequential,referential_drift,1,late,full_trace,step-3,step-3,4,1,1,1.0
E3_attribution_observability,E2::evaluation-0093-con::referential_drift::sev2::late::0::hierarchical,evaluation-0093-con,hierarchical,referential_drift,2,late,output_only,root,root,7,1,1,1.0
E3_attribution_observability,E2::evaluation-0093-con::referential_drift::sev2::late::0::hierarchical,evaluation-0093-con,hierarchical,referential_drift,2,late,sparse_trace,root,root,7,1,1,1.0
E3_attribution_observability,E2::evaluation-0093-con::referential_drift::sev2::late::0::hierarchical,evaluation-0093-con,hierarchical,referential_drift,2,late,full_trace,root,root,7,1,1,1.0
E3_attribution_observability,E2::evaluation-0067-evi::truncation::sev2::late::0::hierarchical,evaluation-0067-evi,hierarchical,truncation,2,late,output_only,root,root,7,1,1,1.0
E3_attribution_observability,E2::evaluation-0067-evi::truncation::sev2::late::0::hierarchical,evaluation-0067-evi,hierarchical,truncation,2,late,sparse_trace,root,worker-3,7,2,0,0.5
E3_attribution_observability,E2::evaluation-0067-evi::truncation::sev2::late::0::hierarchical,evaluation-0067-evi,hierarchical,truncation,2,late,full_trace,root,worker-3,7,3,0,0.3333333333333333
E3_attribution_observability,E2::evaluation-0063-con::referential_drift::sev1::late::1::hierarchical,evaluation-0063-con,hierarchical,referential_drift,1,late,output_only,root,root,7,1,1,1.0
E3_attribution_observability,E2::evaluation-0063-con::referential_drift::sev1::late::1::hierarchical,evaluation-0063-con,hierarchical,referential_drift,1,late,sparse_trace,root,root,7,1,1,1.0
E3_attribution_observability,E2::evaluation-0063-con::referential_drift::sev1::late::1::hierarchical,evaluation-0063-con,hierarchical,referential_drift,1,late,full_trace,root,root,7,1,1,1.0
E3_attribution_observability,E2::evaluation-0116-sha::timeout::sev2::late::0::sequential,evaluation-0116-sha,sequential,timeout,2,late,output_only,step-3,step-3,4,1,1,1.0
E3_attribution_observability,E2::evaluation-0116-sha::timeout::sev2::late::0::sequential,evaluation-0116-sha,sequential,timeout,2,late,sparse_trace,step-3,step-1,4,2,0,0.5
E3_attribution_observability,E2::evaluation-0116-sha::timeout::sev2::late::0::sequential,evaluation-0116-sha,sequential,timeout,2,late,full_trace,step-3,step-3,4,1,1,1.0
E3_attribution_observability,E2::evaluation-0111-sha::referential_drift::sev1::late::1::hierarchical,evaluation-0111-sha,hierarchical,referential_drift,1,late,output_only,root,root,7,1,1,1.0
E3_attribution_observability,E2::evaluation-0111-sha::referential_drift::sev1::late::1::hierarchical,evaluation-0111-sha,hierarchical,referential_drift,1,late,sparse_trace,root,root,7,1,1,1.0
E3_attribution_observability,E2::evaluation-0111-sha::referential_drift::sev1::late::1::hierarchical,evaluation-0111-sha,hierarchical,referential_drift,1,late,full_trace,root,root,7,1,1,1.0
E3_attribution_observability,E2::evaluation-0113-con::wrong_value::sev1::early::1::hierarchical,evaluation-0113-con,hierarchical,wrong_value,1,early,output_only,worker-0,root,7,7,0,0.14285714285714285
E3_attribution_observability,E2::evaluation-0113-con::wrong_value::sev1::early::1::hierarchical,evaluation-0113-con,hierarchical,wrong_value,1,early,sparse_trace,worker-0,worker-0,7,1,1,1.0
E3_attribution_observability,E2::evaluation-0113-con::wrong_value::sev1::early::1::hierarchical,evaluation-0113-con,hierarchical,wrong_value,1,early,full_trace,worker-0,worker-0,7,1,1,1.0
E3_attribution_observability,E2::evaluation-0070-ari::truncation::sev2::early::1::parallel,evaluation-0070-ari,parallel,truncation,2,early,output_only,worker-0,aggregate,5,3,0,0.3333333333333333
E3_attribution_observability,E2::evaluation-0070-ari::truncation::sev2::early::1::parallel,evaluation-0070-ari,parallel,truncation,2,early,sparse_trace,worker-0,worker-0,5,1,1,1.0
E3_attribution_observability,E2::evaluation-0070-ari::truncation::sev2::early::1::parallel,evaluation-0070-ari,parallel,truncation,2,early,full_trace,worker-0,worker-0,5,1,1,1.0
E3_attribution_observability,E2::evaluation-0084-sta::wrong_value::sev1::middle::1::hierarchical,evaluation-0084-sta,hierarchical,wrong_value,1,middle,output_only,manager-0,root,7,5,0,0.2
E3_attribution_observability,E2::evaluation-0084-sta::wrong_value::sev1::middle::1::hierarchical,evaluation-0084-sta,hierarchical,wrong_value,1,middle,sparse_trace,manager-0,worker-2,7,2,0,0.5
E3_attribution_observability,E2::evaluation-0084-sta::wrong_value::sev1::middle::1::hierarchical,evaluation-0084-sta,hierarchical,wrong_value,1,middle,full_trace,manager-0,worker-2,7,2,0,0.5
E3_attribution_observability,E2::evaluation-0114-sta::truncation::sev2::late::1::parallel,evaluation-0114-sta,parallel,truncation,2,late,output_only,aggregate,aggregate,5,1,1,1.0
E3_attribution_observability,E2::evaluation-0114-sta::truncation::sev2::late::1::parallel,evaluation-0114-sta,parallel,truncation,2,late,sparse_trace,aggregate,aggregate,5,1,1,1.0
E3_attribution_observability,E2::evaluation-0114-sta::truncation::sev2::late::1::parallel,evaluation-0114-sta,parallel,truncation,2,late,full_trace,aggregate,aggregate,5,1,1,1.0
E3_attribution_observability,E2::evaluation-0065-ari::wrong_value::sev2::middle::0::sequential,evaluation-0065-ari,sequential,wrong_value,2,middle,output_only,step-2,step-3,4,4,0,0.25
E3_attribution_observability,E2::evaluation-0065-ari::wrong_value::sev2::middle::0::sequential,evaluation-0065-ari,sequential,wrong_value,2,middle,sparse_trace,step-2,step-2,4,1,1,1.0
E3_attribution_observability,E2::evaluation-0065-ari::wrong_value::sev2::middle::0::sequential,evaluation-0065-ari,sequential,wrong_value,2,middle,full_trace,step-2,step-2,4,1,1,1.0
E3_attribution_observability,E2::evaluation-0111-sha::referential_drift::sev1::early::0::sequential,evaluation-0111-sha,sequential,referential_drift,1,early,output_only,step-0,step-3,4,4,0,0.25
E3_attribution_observability,E2::evaluation-0111-sha::referential_drift::sev1::early::0::sequential,evaluation-0111-sha,sequential,referential_drift,1,early,sparse_trace,step-0,step-0,4,1,1,1.0
E3_attribution_observability,E2::evaluation-0111-sha::referential_drift::sev1::early::0::sequential,evaluation-0111-sha,sequential,referential_drift,1,early,full_trace,step-0,step-0,4,1,1,1.0
E3_attribution_observability,E2::evaluation-0073-con::wrong_value::sev1::late::1::sequential,evaluation-0073-con,sequential,wrong_value,1,late,output_only,step-3,step-0,4,3,0,0.3333333333333333
E3_attribution_observability,E2::evaluation-0073-con::wrong_value::sev1::late::1::sequential,evaluation-0073-con,sequential,wrong_value,1,late,sparse_trace,step-3,step-1,4,3,0,0.3333333333333333
E3_attribution_observability,E2::evaluation-0073-con::wrong_value::sev1::late::1::sequential,evaluation-0073-con,sequential,wrong_value,1,late,full_trace,step-3,step-2,4,2,0,0.5
E3_attribution_observability,E2::evaluation-0074-sta::wrong_value::sev2::late::0::sequential,evaluation-0074-sta,sequential,wrong_value,2,late,output_only,step-3,step-3,4,1,1,1.0
E3_attribution_observability,E2::evaluation-0074-sta::wrong_value::sev2::late::0::sequential,evaluation-0074-sta,sequential,wrong_value,2,late,sparse_trace,step-3,step-0,4,4,0,0.25
E3_attribution_observability,E2::evaluation-0074-sta::wrong_value::sev2::late::0::sequential,evaluation-0074-sta,sequential,wrong_value,2,late,full_trace,step-3,step-0,4,4,0,0.25
E3_attribution_observability,E2::evaluation-0098-con::truncation::sev2::early::1::hierarchical,evaluation-0098-con,hierarchical,truncation,2,early,output_only,worker-0,root,7,4,0,0.25
E3_attribution_observability,E2::evaluation-0098-con::truncation::sev2::early::1::hierarchical,evaluation-0098-con,hierarchical,truncation,2,early,sparse_trace,worker-0,worker-0,7,1,1,1.0
E3_attribution_observability,E2::evaluation-0098-con::truncation::sev2::early::1::hierarchical,evaluation-0098-con,hierarchical,truncation,2,early,full_trace,worker-0,worker-0,7,1,1,1.0
E3_attribution_observability,E2::evaluation-0080-ari::wrong_value::sev2::middle::0::sequential,evaluation-0080-ari,sequential,wrong_value,2,middle,output_only,step-2,step-3,4,3,0,0.3333333333333333
E3_attribution_observability,E2::evaluation-0080-ari::wrong_value::sev2::middle::0::sequential,evaluation-0080-ari,sequential,wrong_value,2,middle,sparse_trace,step-2,step-0,4,2,0,0.5
E3_attribution_observability,E2::evaluation-0080-ari::wrong_value::sev2::middle::0::sequential,evaluation-0080-ari,sequential,wrong_value,2,middle,full_trace,step-2,step-0,4,3,0,0.3333333333333333
E3_attribution_observability,E2::evaluation-0118-con::wrong_value::sev2::middle::0::sequential,evaluation-0118-con,sequential,wrong_value,2,middle,output_only,step-2,step-3,4,3,0,0.3333333333333333
E3_attribution_observability,E2::evaluation-0118-con::wrong_value::sev2::middle::0::sequential,evaluation-0118-con,sequential,wrong_value,2,middle,sparse_trace,step-2,step-2,4,1,1,1.0
E3_attribution_observability,E2::evaluation-0118-con::wrong_value::sev2::middle::0::sequential,evaluation-0118-con,sequential,wrong_value,2,middle,full_trace,step-2,step-2,4,1,1,1.0
E3_attribution_observability,E2::evaluation-0067-evi::wrong_value::sev1::early::1::single,evaluation-0067-evi,single,wrong_value,1,early,output_only,step-0,step-3,4,2,0,0.5
E3_attribution_observability,E2::evaluation-0067-evi::wrong_value::sev1::early::1::single,evaluation-0067-evi,single,wrong_value,1,early,sparse_trace,step-0,step-0,4,1,1,1.0
E3_attribution_observability,E2::evaluation-0067-evi::wrong_value::sev1::early::1::single,evaluation-0067-evi,single,wrong_value,1,early,full_trace,step-0,step-0,4,1,1,1.0
E3_attribution_observability,E2::evaluation-0076-sha::wrong_value::sev2::middle::1::single,evaluation-0076-sha,single,wrong_value,2,middle,output_only,step-2,step-3,4,4,0,0.25
E3_attribution_observability,E2::evaluation-0076-sha::wrong_value::sev2::middle::1::single,evaluation-0076-sha,single,wrong_value,2,middle,sparse_trace,step-2,step-2,4,1,1,1.0
E3_attribution_observability,E2::evaluation-0076-sha::wrong_value::sev2::middle::1::single,evaluation-0076-sha,single,wrong_value,2,middle,full_trace,step-2,step-2,4,1,1,1.0
E3_attribution_observability,E2::evaluation-0082-evi::timeout::sev2::early::0::parallel,evaluation-0082-evi,parallel,timeout,2,early,output_only,worker-0,aggregate,5,4,0,0.25
E3_attribution_observability,E2::evaluation-0082-evi::timeout::sev2::early::0::parallel,evaluation-0082-evi,parallel,timeout,2,early,sparse_trace,worker-0,worker-0,5,1,1,1.0
E3_attribution_observability,E2::evaluation-0082-evi::timeout::sev2::early::0::parallel,evaluation-0082-evi,parallel,timeout,2,early,full_trace,worker-0,worker-0,5,1,1,1.0
E3_attribution_observability,E2::evaluation-0104-sta::timeout::sev1::middle::0::hierarchical,evaluation-0104-sta,hierarchical,timeout,1,middle,output_only,manager-0,root,7,3,0,0.3333333333333333
E3_attribution_observability,E2::evaluation-0104-sta::timeout::sev1::middle::0::hierarchical,evaluation-0104-sta,hierarchical,timeout,1,middle,sparse_trace,manager-0,worker-3,7,2,0,0.5
E3_attribution_observability,E2::evaluation-0104-sta::timeout::sev1::middle::0::hierarchical,evaluation-0104-sta,hierarchical,timeout,1,middle,full_trace,manager-0,worker-3,7,2,0,0.5
E3_attribution_observability,E2::evaluation-0107-evi::wrong_value::sev2::middle::1::single,evaluation-0107-evi,single,wrong_value,2,middle,output_only,step-2,step-3,4,4,0,0.25
E3_attribution_observability,E2::evaluation-0107-evi::wrong_value::sev2::middle::1::single,evaluation-0107-evi,single,wrong_value,2,middle,sparse_trace,step-2,step-2,4,1,1,1.0
E3_attribution_observability,E2::evaluation-0107-evi::wrong_value::sev2::middle::1::single,evaluation-0107-evi,single,wrong_value,2,middle,full_trace,step-2,step-2,4,1,1,1.0
E3_attribution_observability,E2::evaluation-0086-sha::timeout::sev2::early::0::sequential,evaluation-0086-sha,sequential,timeout,2,early,output_only,step-0,step-3,4,3,0,0.3333333333333333
E3_attribution_observability,E2::evaluation-0086-sha::timeout::sev2::early::0::sequential,evaluation-0086-sha,sequential,timeout,2,early,sparse_trace,step-0,step-0,4,1,1,1.0
E3_attribution_observability,E2::evaluation-0086-sha::timeout::sev2::early::0::sequential,evaluation-0086-sha,sequential,timeout,2,early,full_trace,step-0,step-0,4,1,1,1.0
E3_attribution_observability,E2::evaluation-0072-evi::truncation::sev2::early::0::single,evaluation-0072-evi,single,truncation,2,early,output_only,step-0,step-3,4,2,0,0.5
E3_attribution_observability,E2::evaluation-0072-evi::truncation::sev2::early::0::single,evaluation-0072-evi,single,truncation,2,early,sparse_trace,step-0,step-0,4,1,1,1.0
E3_attribution_observability,E2::evaluation-0072-evi::truncation::sev2::early::0::single,evaluation-0072-evi,single,truncation,2,early,full_trace,step-0,step-0,4,1,1,1.0
E3_attribution_observability,E2::evaluation-0118-con::timeout::sev1::late::0::parallel,evaluation-0118-con,parallel,timeout,1,late,output_only,aggregate,aggregate,5,1,1,1.0
E3_attribution_observability,E2::evaluation-0118-con::timeout::sev1::late::0::parallel,evaluation-0118-con,parallel,timeout,1,late,sparse_trace,aggregate,worker-0,5,2,0,0.5
E3_attribution_observability,E2::evaluation-0118-con::timeout::sev1::late::0::parallel,evaluation-0118-con,parallel,timeout,1,late,full_trace,aggregate,worker-0,5,2,0,0.5
E3_attribution_observability,E2::evaluation-0060-ari::timeout::sev1::middle::1::single,evaluation-0060-ari,single,timeout,1,middle,output_only,step-2,step-3,4,2,0,0.5
E3_attribution_observability,E2::evaluation-0060-ari::timeout::sev1::middle::1::single,evaluation-0060-ari,single,timeout,1,middle,sparse_trace,step-2,step-2,4,1,1,1.0
E3_attribution_observability,E2::evaluation-0060-ari::timeout::sev1::middle::1::single,evaluation-0060-ari,single,timeout,1,middle,full_trace,step-2,step-2,4,1,1,1.0
E3_attribution_observability,E2::evaluation-0115-ari::referential_drift::sev1::middle::1::hierarchical,evaluation-0115-ari,hierarchical,referential_drift,1,middle,output_only,manager-0,root,7,7,0,0.14285714285714285
E3_attribution_observability,E2::evaluation-0115-ari::referential_drift::sev1::middle::1::hierarchical,evaluation-0115-ari,hierarchical,referential_drift,1,middle,sparse_trace,manager-0,manager-0,7,1,1,1.0
E3_attribution_observability,E2::evaluation-0115-ari::referential_drift::sev1::middle::1::hierarchical,evaluation-0115-ari,hierarchical,referential_drift,1,middle,full_trace,manager-0,manager-0,7,1,1,1.0
E3_attribution_observability,E2::evaluation-0108-con::wrong_value::sev2::early::0::sequential,evaluation-0108-con,sequential,wrong_value,2,early,output_only,step-0,step-3,4,2,0,0.5
E3_attribution_observability,E2::evaluation-0108-con::wrong_value::sev2::early::0::sequential,evaluation-0108-con,sequential,wrong_value,2,early,sparse_trace,step-0,step-0,4,1,1,1.0
E3_attribution_observability,E2::evaluation-0108-con::wrong_value::sev2::early::0::sequential,evaluation-0108-con,sequential,wrong_value,2,early,full_trace,step-0,step-0,4,1,1,1.0
E3_attribution_observability,E2::evaluation-0078-con::wrong_value::sev2::early::0::hierarchical,evaluation-0078-con,hierarchical,wrong_value,2,early,output_only,worker-0,root,7,7,0,0.14285714285714285
E3_attribution_observability,E2::evaluation-0078-con::wrong_value::sev2::early::0::hierarchical,evaluation-0078-con,hierarchical,wrong_value,2,early,sparse_trace,worker-0,worker-0,7,1,1,1.0
E3_attribution_observability,E2::evaluation-0078-con::wrong_value::sev2::early::0::hierarchical,evaluation-0078-con,hierarchical,wrong_value,2,early,full_trace,worker-0,worker-0,7,1,1,1.0
E3_attribution_observability,E2::evaluation-0112-evi::referential_drift::sev1::late::0::single,evaluation-0112-evi,single,referential_drift,1,late,output_only,step-3,step-3,4,1,1,1.0
E3_attribution_observability,E2::evaluation-0112-evi::referential_drift::sev1::late::0::single,evaluation-0112-evi,single,referential_drift,1,late,sparse_trace,step-3,step-1,4,2,0,0.5
E3_attribution_observability,E2::evaluation-0112-evi::referential_drift::sev1::late::0::single,evaluation-0112-evi,single,referential_drift,1,late,full_trace,step-3,step-3,4,1,1,1.0
E3_attribution_observability,E2::evaluation-0093-con::wrong_value::sev1::early::0::sequential,evaluation-0093-con,sequential,wrong_value,1,early,output_only,step-0,step-3,4,3,0,0.3333333333333333
E3_attribution_observability,E2::evaluation-0093-con::wrong_value::sev1::early::0::sequential,evaluation-0093-con,sequential,wrong_value,1,early,sparse_trace,step-0,step-0,4,1,1,1.0
E3_attribution_observability,E2::evaluation-0093-con::wrong_value::sev1::early::0::sequential,evaluation-0093-con,sequential,wrong_value,1,early,full_trace,step-0,step-0,4,1,1,1.0
E3_attribution_observability,E2::evaluation-0117-evi::wrong_value::sev1::late::1::single,evaluation-0117-evi,single,wrong_value,1,late,output_only,step-3,step-3,4,1,1,1.0
E3_attribution_observability,E2::evaluation-0117-evi::wrong_value::sev1::late::1::single,evaluation-0117-evi,single,wrong_value,1,late,sparse_trace,step-3,step-0,4,2,0,0.5
E3_attribution_observability,E2::evaluation-0117-evi::wrong_value::sev1::late::1::single,evaluation-0117-evi,single,wrong_value,1,late,full_trace,step-3,step-3,4,1,1,1.0
E3_attribution_observability,E2::evaluation-0083-con::wrong_value::sev1::middle::0::hierarchical,evaluation-0083-con,hierarchical,wrong_value,1,middle,output_only,manager-0,root,7,2,0,0.5
E3_attribution_observability,E2::evaluation-0083-con::wrong_value::sev1::middle::0::hierarchical,evaluation-0083-con,hierarchical,wrong_value,1,middle,sparse_trace,manager-0,manager-0,7,1,1,1.0
E3_attribution_observability,E2::evaluation-0083-con::wrong_value::sev1::middle::0::hierarchical,evaluation-0083-con,hierarchical,wrong_value,1,middle,full_trace,manager-0,manager-0,7,1,1,1.0
E3_attribution_observability,E2::evaluation-0106-sha::truncation::sev2::middle::1::single,evaluation-0106-sha,single,truncation,2,middle,output_only,step-2,step-3,4,3,0,0.3333333333333333
E3_attribution_observability,E2::evaluation-0106-sha::truncation::sev2::middle::1::single,evaluation-0106-sha,single,truncation,2,middle,sparse_trace,step-2,step-2,4,1,1,1.0
E3_attribution_observability,E2::evaluation-0106-sha::truncation::sev2::middle::1::single,evaluation-0106-sha,single,truncation,2,middle,full_trace,step-2,step-2,4,1,1,1.0
E3_attribution_observability,E2::evaluation-0104-sta::truncation::sev2::middle::1::parallel,evaluation-0104-sta,parallel,truncation,2,middle,output_only,worker-2,aggregate,5,2,0,0.5
E3_attribution_observability,E2::evaluation-0104-sta::truncation::sev2::middle::1::parallel,evaluation-0104-sta,parallel,truncation,2,middle,sparse_trace,worker-2,worker-2,5,1,1,1.0
E3_attribution_observability,E2::evaluation-0104-sta::truncation::sev2::middle::1::parallel,evaluation-0104-sta,parallel,truncation,2,middle,full_trace,worker-2,worker-2,5,1,1,1.0
E3_attribution_observability,E2::evaluation-0071-sha::truncation::sev1::early::1::sequential,evaluation-0071-sha,sequential,truncation,1,early,output_only,step-0,step-3,4,4,0,0.25
E3_attribution_observability,E2::evaluation-0071-sha::truncation::sev1::early::1::sequential,evaluation-0071-sha,sequential,truncation,1,early,sparse_trace,step-0,step-0,4,1,1,1.0
E3_attribution_observability,E2::evaluation-0071-sha::truncation::sev1::early::1::sequential,evaluation-0071-sha,sequential,truncation,1,early,full_trace,step-0,step-0,4,1,1,1.0
E3_attribution_observability,E2::evaluation-0118-con::timeout::sev2::middle::0::sequential,evaluation-0118-con,sequential,timeout,2,middle,output_only,step-2,step-3,4,3,0,0.3333333333333333
E3_attribution_observability,E2::evaluation-0118-con::timeout::sev2::middle::0::sequential,evaluation-0118-con,sequential,timeout,2,middle,sparse_trace,step-2,step-2,4,1,1,1.0
E3_attribution_observability,E2::evaluation-0118-con::timeout::sev2::middle::0::sequential,evaluation-0118-con,sequential,timeout,2,middle,full_trace,step-2,step-2,4,1,1,1.0
E3_attribution_observability,E2::evaluation-0107-evi::truncation::sev2::middle::1::sequential,evaluation-0107-evi,sequential,truncation,2,middle,output_only,step-2,step-3,4,3,0,0.3333333333333333
E3_attribution_observability,E2::evaluation-0107-evi::truncation::sev2::middle::1::sequential,evaluation-0107-evi,sequential,truncation,2,middle,sparse_trace,step-2,step-2,4,1,1,1.0
E3_attribution_observability,E2::evaluation-0107-evi::truncation::sev2::middle::1::sequential,evaluation-0107-evi,sequential,truncation,2,middle,full_trace,step-2,step-2,4,1,1,1.0
E3_attribution_observability,E2::evaluation-0113-con::timeout::sev2::early::1::parallel,evaluation-0113-con,parallel,timeout,2,early,output_only,worker-0,aggregate,5,4,0,0.25
E3_attribution_observability,E2::evaluation-0113-con::timeout::sev2::early::1::parallel,evaluation-0113-con,parallel,timeout,2,early,sparse_trace,worker-0,worker-0,5,1,1,1.0
E3_attribution_observability,E2::evaluation-0113-con::timeout::sev2::early::1::parallel,evaluation-0113-con,parallel,timeout,2,early,full_trace,worker-0,worker-0,5,1,1,1.0
E3_attribution_observability,E2::evaluation-0081-sha::timeout::sev2::early::0::single,evaluation-0081-sha,single,timeout,2,early,output_only,step-0,step-3,4,3,0,0.3333333333333333
E3_attribution_observability,E2::evaluation-0081-sha::timeout::sev2::early::0::single,evaluation-0081-sha,single,timeout,2,early,sparse_trace,step-0,step-0,4,1,1,1.0
E3_attribution_observability,E2::evaluation-0081-sha::timeout::sev2::early::0::single,evaluation-0081-sha,single,timeout,2,early,full_trace,step-0,step-0,4,1,1,1.0
E3_attribution_observability,E2::evaluation-0119-sta::timeout::sev2::late::1::single,evaluation-0119-sta,single,timeout,2,late,output_only,step-3,step-3,4,1,1,1.0
E3_attribution_observability,E2::evaluation-0119-sta::timeout::sev2::late::1::single,evaluation-0119-sta,single,timeout,2,late,sparse_trace,step-3,step-0,4,4,0,0.25
E3_attribution_observability,E2::evaluation-0119-sta::timeout::sev2::late::1::single,evaluation-0119-sta,single,timeout,2,late,full_trace,step-3,step-0,4,4,0,0.25
E3_attribution_observability,E2::evaluation-0077-evi::wrong_value::sev2::late::0::parallel,evaluation-0077-evi,parallel,wrong_value,2,late,output_only,aggregate,aggregate,5,1,1,1.0
E3_attribution_observability,E2::evaluation-0077-evi::wrong_value::sev2::late::0::parallel,evaluation-0077-evi,parallel,wrong_value,2,late,sparse_trace,aggregate,aggregate,5,1,1,1.0
E3_attribution_observability,E2::evaluation-0077-evi::wrong_value::sev2::late::0::parallel,evaluation-0077-evi,parallel,wrong_value,2,late,full_trace,aggregate,aggregate,5,1,1,1.0
E3_attribution_observability,E2::evaluation-0063-con::wrong_value::sev1::early::1::parallel,evaluation-0063-con,parallel,wrong_value,1,early,output_only,worker-0,aggregate,5,3,0,0.3333333333333333
E3_attribution_observability,E2::evaluation-0063-con::wrong_value::sev1::early::1::parallel,evaluation-0063-con,parallel,wrong_value,1,early,sparse_trace,worker-0,worker-0,5,1,1,1.0
E3_attribution_observability,E2::evaluation-0063-con::wrong_value::sev1::early::1::parallel,evaluation-0063-con,parallel,wrong_value,1,early,full_trace,worker-0,worker-0,5,1,1,1.0
E3_attribution_observability,E2::evaluation-0095-ari::timeout::sev2::middle::1::hierarchical,evaluation-0095-ari,hierarchical,timeout,2,middle,output_only,manager-0,root,7,5,0,0.2
E3_attribution_observability,E2::evaluation-0095-ari::timeout::sev2::middle::1::hierarchical,evaluation-0095-ari,hierarchical,timeout,2,middle,sparse_trace,manager-0,manager-0,7,1,1,1.0
E3_attribution_observability,E2::evaluation-0095-ari::timeout::sev2::middle::1::hierarchical,evaluation-0095-ari,hierarchical,timeout,2,middle,full_trace,manager-0,manager-0,7,1,1,1.0
E3_attribution_observability,E2::evaluation-0082-evi::referential_drift::sev1::early::0::hierarchical,evaluation-0082-evi,hierarchical,referential_drift,1,early,output_only,worker-0,root,7,7,0,0.14285714285714285
E3_attribution_observability,E2::evaluation-0082-evi::referential_drift::sev1::early::0::hierarchical,evaluation-0082-evi,hierarchical,referential_drift,1,early,sparse_trace,worker-0,worker-0,7,1,1,1.0
E3_attribution_observability,E2::evaluation-0082-evi::referential_drift::sev1::early::0::hierarchical,evaluation-0082-evi,hierarchical,referential_drift,1,early,full_trace,worker-0,worker-0,7,1,1,1.0
E3_attribution_observability,E2::evaluation-0085-ari::truncation::sev2::middle::0::sequential,evaluation-0085-ari,sequential,truncation,2,middle,output_only,step-2,step-3,4,4,0,0.25
E3_attribution_observability,E2::evaluation-0085-ari::truncation::sev2::middle::0::sequential,evaluation-0085-ari,sequential,truncation,2,middle,sparse_trace,step-2,step-2,4,1,1,1.0
E3_attribution_observability,E2::evaluation-0085-ari::truncation::sev2::middle::0::sequential,evaluation-0085-ari,sequential,truncation,2,middle,full_trace,step-2,step-2,4,1,1,1.0
E3_attribution_observability,E2::evaluation-0106-sha::referential_drift::sev2::early::1::sequential,evaluation-0106-sha,sequential,referential_drift,2,early,output_only,step-0,step-3,4,2,0,0.5
E3_attribution_observability,E2::evaluation-0106-sha::referential_drift::sev2::early::1::sequential,evaluation-0106-sha,sequential,referential_drift,2,early,sparse_trace,step-0,step-0,4,1,1,1.0
E3_attribution_observability,E2::evaluation-0106-sha::referential_drift::sev2::early::1::sequential,evaluation-0106-sha,sequential,referential_drift,2,early,full_trace,step-0,step-0,4,1,1,1.0
E3_attribution_observability,E2::evaluation-0109-sta::timeout::sev1::early::1::sequential,evaluation-0109-sta,sequential,timeout,1,early,output_only,step-0,step-3,4,4,0,0.25
E3_attribution_observability,E2::evaluation-0109-sta::timeout::sev1::early::1::sequential,evaluation-0109-sta,sequential,timeout,1,early,sparse_trace,step-0,step-0,4,1,1,1.0
E3_attribution_observability,E2::evaluation-0109-sta::timeout::sev1::early::1::sequential,evaluation-0109-sta,sequential,timeout,1,early,full_trace,step-0,step-0,4,1,1,1.0
E3_attribution_observability,E2::evaluation-0087-evi::wrong_value::sev2::late::0::single,evaluation-0087-evi,single,wrong_value,2,late,output_only,step-3,step-3,4,1,1,1.0
E3_attribution_observability,E2::evaluation-0087-evi::wrong_value::sev2::late::0::single,evaluation-0087-evi,single,wrong_value,2,late,sparse_trace,step-3,step-1,4,3,0,0.3333333333333333
E3_attribution_observability,E2::evaluation-0087-evi::wrong_value::sev2::late::0::single,evaluation-0087-evi,single,wrong_value,2,late,full_trace,step-3,step-3,4,1,1,1.0
E3_attribution_observability,E2::evaluation-0109-sta::referential_drift::sev2::middle::0::sequential,evaluation-0109-sta,sequential,referential_drift,2,middle,output_only,step-2,step-3,4,3,0,0.3333333333333333
E3_attribution_observability,E2::evaluation-0109-sta::referential_drift::sev2::middle::0::sequential,evaluation-0109-sta,sequential,referential_drift,2,middle,sparse_trace,step-2,step-2,4,1,1,1.0
E3_attribution_observability,E2::evaluation-0109-sta::referential_drift::sev2::middle::0::sequential,evaluation-0109-sta,sequential,referential_drift,2,middle,full_trace,step-2,step-2,4,1,1,1.0
E3_attribution_observability,E2::evaluation-0111-sha::truncation::sev2::late::1::single,evaluation-0111-sha,single,truncation,2,late,output_only,step-3,step-3,4,1,1,1.0
E3_attribution_observability,E2::evaluation-0111-sha::truncation::sev2::late::1::single,evaluation-0111-sha,single,truncation,2,late,sparse_trace,step-3,step-2,4,3,0,0.3333333333333333
E3_attribution_observability,E2::evaluation-0111-sha::truncation::sev2::late::1::single,evaluation-0111-sha,single,truncation,2,late,full_trace,step-3,step-3,4,1,1,1.0
E3_attribution_observability,E2::evaluation-0075-ari::timeout::sev1::late::1::parallel,evaluation-0075-ari,parallel,timeout,1,late,output_only,aggregate,aggregate,5,1,1,1.0
E3_attribution_observability,E2::evaluation-0075-ari::timeout::sev1::late::1::parallel,evaluation-0075-ari,parallel,timeout,1,late,sparse_trace,aggregate,worker-3,5,2,0,0.5
E3_attribution_observability,E2::evaluation-0075-ari::timeout::sev1::late::1::parallel,evaluation-0075-ari,parallel,timeout,1,late,full_trace,aggregate,worker-3,5,2,0,0.5
E3_attribution_observability,E2::evaluation-0113-con::wrong_value::sev2::late::0::hierarchical,evaluation-0113-con,hierarchical,wrong_value,2,late,output_only,root,root,7,1,1,1.0
E3_attribution_observability,E2::evaluation-0113-con::wrong_value::sev2::late::0::hierarchical,evaluation-0113-con,hierarchical,wrong_value,2,late,sparse_trace,root,root,7,1,1,1.0
E3_attribution_observability,E2::evaluation-0113-con::wrong_value::sev2::late::0::hierarchical,evaluation-0113-con,hierarchical,wrong_value,2,late,full_trace,root,root,7,1,1,1.0
E3_attribution_observability,E2::evaluation-0092-evi::referential_drift::sev2::early::1::single,evaluation-0092-evi,single,referential_drift,2,early,output_only,step-0,step-3,4,4,0,0.25
E3_attribution_observability,E2::evaluation-0092-evi::referential_drift::sev2::early::1::single,evaluation-0092-evi,single,referential_drift,2,early,sparse_trace,step-0,step-0,4,1,1,1.0
E3_attribution_observability,E2::evaluation-0092-evi::referential_drift::sev2::early::1::single,evaluation-0092-evi,single,referential_drift,2,early,full_trace,step-0,step-0,4,1,1,1.0
E3_attribution_observability,E2::evaluation-0075-ari::truncation::sev1::late::0::hierarchical,evaluation-0075-ari,hierarchical,truncation,1,late,output_only,root,root,7,1,1,1.0
E3_attribution_observability,E2::evaluation-0075-ari::truncation::sev1::late::0::hierarchical,evaluation-0075-ari,hierarchical,truncation,1,late,sparse_trace,root,root,7,1,1,1.0
E3_attribution_observability,E2::evaluation-0075-ari::truncation::sev1::late::0::hierarchical,evaluation-0075-ari,hierarchical,truncation,1,late,full_trace,root,root,7,1,1,1.0
E3_attribution_observability,E2::evaluation-0062-evi::truncation::sev1::middle::0::parallel,evaluation-0062-evi,parallel,truncation,1,middle,output_only,worker-2,aggregate,5,2,0,0.5
E3_attribution_observability,E2::evaluation-0062-evi::truncation::sev1::middle::0::parallel,evaluation-0062-evi,parallel,truncation,1,middle,sparse_trace,worker-2,worker-2,5,1,1,1.0
E3_attribution_observability,E2::evaluation-0062-evi::truncation::sev1::middle::0::parallel,evaluation-0062-evi,parallel,truncation,1,middle,full_trace,worker-2,worker-2,5,1,1,1.0
E3_attribution_observability,E2::evaluation-0083-con::referential_drift::sev1::middle::0::sequential,evaluation-0083-con,sequential,referential_drift,1,middle,output_only,step-2,step-3,4,2,0,0.5
E3_attribution_observability,E2::evaluation-0083-con::referential_drift::sev1::middle::0::sequential,evaluation-0083-con,sequential,referential_drift,1,middle,sparse_trace,step-2,step-2,4,1,1,1.0
E3_attribution_observability,E2::evaluation-0083-con::referential_drift::sev1::middle::0::sequential,evaluation-0083-con,sequential,referential_drift,1,middle,full_trace,step-2,step-2,4,1,1,1.0
E3_attribution_observability,E2::evaluation-0098-con::truncation::sev1::middle::1::hierarchical,evaluation-0098-con,hierarchical,truncation,1,middle,output_only,manager-0,root,7,5,0,0.2
E3_attribution_observability,E2::evaluation-0098-con::truncation::sev1::middle::1::hierarchical,evaluation-0098-con,hierarchical,truncation,1,middle,sparse_trace,manager-0,worker-2,7,2,0,0.5
E3_attribution_observability,E2::evaluation-0098-con::truncation::sev1::middle::1::hierarchical,evaluation-0098-con,hierarchical,truncation,1,middle,full_trace,manager-0,worker-2,7,2,0,0.5
E3_attribution_observability,E2::evaluation-0082-evi::wrong_value::sev2::late::1::single,evaluation-0082-evi,single,wrong_value,2,late,output_only,step-3,step-3,4,1,1,1.0
E3_attribution_observability,E2::evaluation-0082-evi::wrong_value::sev2::late::1::single,evaluation-0082-evi,single,wrong_value,2,late,sparse_trace,step-3,step-1,4,4,0,0.25
E3_attribution_observability,E2::evaluation-0082-evi::wrong_value::sev2::late::1::single,evaluation-0082-evi,single,wrong_value,2,late,full_trace,step-3,step-3,4,1,1,1.0
E3_attribution_observability,E2::evaluation-0090-ari::referential_drift::sev1::middle::1::parallel,evaluation-0090-ari,parallel,referential_drift,1,middle,output_only,worker-2,aggregate,5,2,0,0.5
E3_attribution_observability,E2::evaluation-0090-ari::referential_drift::sev1::middle::1::parallel,evaluation-0090-ari,parallel,referential_drift,1,middle,sparse_trace,worker-2,worker-2,5,1,1,1.0
E3_attribution_observability,E2::evaluation-0090-ari::referential_drift::sev1::middle::1::parallel,evaluation-0090-ari,parallel,referential_drift,1,middle,full_trace,worker-2,worker-2,5,1,1,1.0
E3_attribution_observability,E2::evaluation-0107-evi::wrong_value::sev2::early::0::parallel,evaluation-0107-evi,parallel,wrong_value,2,early,output_only,worker-0,aggregate,5,3,0,0.3333333333333333
E3_attribution_observability,E2::evaluation-0107-evi::wrong_value::sev2::early::0::parallel,evaluation-0107-evi,parallel,wrong_value,2,early,sparse_trace,worker-0,worker-0,5,1,1,1.0
E3_attribution_observability,E2::evaluation-0107-evi::wrong_value::sev2::early::0::parallel,evaluation-0107-evi,parallel,wrong_value,2,early,full_trace,worker-0,worker-0,5,1,1,1.0
E3_attribution_observability,E2::evaluation-0092-evi::wrong_value::sev2::middle::0::sequential,evaluation-0092-evi,sequential,wrong_value,2,middle,output_only,step-2,step-3,4,2,0,0.5
E3_attribution_observability,E2::evaluation-0092-evi::wrong_value::sev2::middle::0::sequential,evaluation-0092-evi,sequential,wrong_value,2,middle,sparse_trace,step-2,step-2,4,1,1,1.0
E3_attribution_observability,E2::evaluation-0092-evi::wrong_value::sev2::middle::0::sequential,evaluation-0092-evi,sequential,wrong_value,2,middle,full_trace,step-2,step-2,4,1,1,1.0
E3_attribution_observability,E2::evaluation-0113-con::wrong_value::sev1::middle::1::sequential,evaluation-0113-con,sequential,wrong_value,1,middle,output_only,step-2,step-0,4,4,0,0.25
E3_attribution_observability,E2::evaluation-0113-con::wrong_value::sev1::middle::1::sequential,evaluation-0113-con,sequential,wrong_value,1,middle,sparse_trace,step-2,step-0,4,2,0,0.5
E3_attribution_observability,E2::evaluation-0113-con::wrong_value::sev1::middle::1::sequential,evaluation-0113-con,sequential,wrong_value,1,middle,full_trace,step-2,step-1,4,4,0,0.25
E3_attribution_observability,E2::evaluation-0086-sha::wrong_value::sev1::late::0::parallel,evaluation-0086-sha,parallel,wrong_value,1,late,output_only,aggregate,worker-1,5,4,0,0.25
E3_attribution_observability,E2::evaluation-0086-sha::wrong_value::sev1::late::0::parallel,evaluation-0086-sha,parallel,wrong_value,1,late,sparse_trace,aggregate,worker-2,5,5,0,0.2
E3_attribution_observability,E2::evaluation-0086-sha::wrong_value::sev1::late::0::parallel,evaluation-0086-sha,parallel,wrong_value,1,late,full_trace,aggregate,worker-2,5,4,0,0.25
E3_attribution_observability,E2::evaluation-0095-ari::timeout::sev1::early::0::parallel,evaluation-0095-ari,parallel,timeout,1,early,output_only,worker-0,aggregate,5,5,0,0.2
E3_attribution_observability,E2::evaluation-0095-ari::timeout::sev1::early::0::parallel,evaluation-0095-ari,parallel,timeout,1,early,sparse_trace,worker-0,worker-0,5,1,1,1.0
E3_attribution_observability,E2::evaluation-0095-ari::timeout::sev1::early::0::parallel,evaluation-0095-ari,parallel,timeout,1,early,full_trace,worker-0,worker-0,5,1,1,1.0
E3_attribution_observability,E2::evaluation-0097-evi::timeout::sev2::early::0::single,evaluation-0097-evi,single,timeout,2,early,output_only,step-0,step-3,4,3,0,0.3333333333333333
E3_attribution_observability,E2::evaluation-0097-evi::timeout::sev2::early::0::single,evaluation-0097-evi,single,timeout,2,early,sparse_trace,step-0,step-0,4,1,1,1.0
E3_attribution_observability,E2::evaluation-0097-evi::timeout::sev2::early::0::single,evaluation-0097-evi,single,timeout,2,early,full_trace,step-0,step-0,4,1,1,1.0
E3_attribution_observability,E2::evaluation-0107-evi::referential_drift::sev1::middle::0::parallel,evaluation-0107-evi,parallel,referential_drift,1,middle,output_only,worker-2,aggregate,5,2,0,0.5
E3_attribution_observability,E2::evaluation-0107-evi::referential_drift::sev1::middle::0::parallel,evaluation-0107-evi,parallel,referential_drift,1,middle,sparse_trace,worker-2,worker-2,5,1,1,1.0
E3_attribution_observability,E2::evaluation-0107-evi::referential_drift::sev1::middle::0::parallel,evaluation-0107-evi,parallel,referential_drift,1,middle,full_trace,worker-2,worker-2,5,1,1,1.0
E3_attribution_observability,E2::evaluation-0091-sha::timeout::sev2::late::0::single,evaluation-0091-sha,single,timeout,2,late,output_only,step-3,step-3,4,1,1,1.0
E3_attribution_observability,E2::evaluation-0091-sha::timeout::sev2::late::0::single,evaluation-0091-sha,single,timeout,2,late,sparse_trace,step-3,step-2,4,4,0,0.25
E3_attribution_observability,E2::evaluation-0091-sha::timeout::sev2::late::0::single,evaluation-0091-sha,single,timeout,2,late,full_trace,step-3,step-3,4,1,1,1.0
E3_attribution_observability,E2::evaluation-0116-sha::timeout::sev1::middle::1::sequential,evaluation-0116-sha,sequential,timeout,1,middle,output_only,step-2,step-3,4,3,0,0.3333333333333333
E3_attribution_observability,E2::evaluation-0116-sha::timeout::sev1::middle::1::sequential,evaluation-0116-sha,sequential,timeout,1,middle,sparse_trace,step-2,step-2,4,1,1,1.0
E3_attribution_observability,E2::evaluation-0116-sha::timeout::sev1::middle::1::sequential,evaluation-0116-sha,sequential,timeout,1,middle,full_trace,step-2,step-2,4,1,1,1.0
E3_attribution_observability,E2::evaluation-0115-ari::timeout::sev1::late::0::single,evaluation-0115-ari,single,timeout,1,late,output_only,step-3,step-3,4,1,1,1.0
E3_attribution_observability,E2::evaluation-0115-ari::timeout::sev1::late::0::single,evaluation-0115-ari,single,timeout,1,late,sparse_trace,step-3,step-3,4,1,1,1.0
E3_attribution_observability,E2::evaluation-0115-ari::timeout::sev1::late::0::single,evaluation-0115-ari,single,timeout,1,late,full_trace,step-3,step-3,4,1,1,1.0
E3_attribution_observability,E2::evaluation-0111-sha::referential_drift::sev1::middle::1::parallel,evaluation-0111-sha,parallel,referential_drift,1,middle,output_only,worker-2,aggregate,5,3,0,0.3333333333333333
E3_attribution_observability,E2::evaluation-0111-sha::referential_drift::sev1::middle::1::parallel,evaluation-0111-sha,parallel,referential_drift,1,middle,sparse_trace,worker-2,worker-2,5,1,1,1.0
E3_attribution_observability,E2::evaluation-0111-sha::referential_drift::sev1::middle::1::parallel,evaluation-0111-sha,parallel,referential_drift,1,middle,full_trace,worker-2,worker-2,5,1,1,1.0
E3_attribution_observability,E2::evaluation-0119-sta::referential_drift::sev1::middle::1::sequential,evaluation-0119-sta,sequential,referential_drift,1,middle,output_only,step-2,step-3,4,3,0,0.3333333333333333
E3_attribution_observability,E2::evaluation-0119-sta::referential_drift::sev1::middle::1::sequential,evaluation-0119-sta,sequential,referential_drift,1,middle,sparse_trace,step-2,step-2,4,1,1,1.0
E3_attribution_observability,E2::evaluation-0119-sta::referential_drift::sev1::middle::1::sequential,evaluation-0119-sta,sequential,referential_drift,1,middle,full_trace,step-2,step-2,4,1,1,1.0
E3_attribution_observability,E2::evaluation-0083-con::referential_drift::sev2::late::1::parallel,evaluation-0083-con,parallel,referential_drift,2,late,output_only,aggregate,aggregate,5,1,1,1.0
E3_attribution_observability,E2::evaluation-0083-con::referential_drift::sev2::late::1::parallel,evaluation-0083-con,parallel,referential_drift,2,late,sparse_trace,aggregate,aggregate,5,1,1,1.0
E3_attribution_observability,E2::evaluation-0083-con::referential_drift::sev2::late::1::parallel,evaluation-0083-con,parallel,referential_drift,2,late,full_trace,aggregate,aggregate,5,1,1,1.0
E3_attribution_observability,E2::evaluation-0084-sta::wrong_value::sev2::early::1::single,evaluation-0084-sta,single,wrong_value,2,early,output_only,step-0,step-3,4,3,0,0.3333333333333333
E3_attribution_observability,E2::evaluation-0084-sta::wrong_value::sev2::early::1::single,evaluation-0084-sta,single,wrong_value,2,early,sparse_trace,step-0,step-0,4,1,1,1.0
E3_attribution_observability,E2::evaluation-0084-sta::wrong_value::sev2::early::1::single,evaluation-0084-sta,single,wrong_value,2,early,full_trace,step-0,step-0,4,1,1,1.0
E3_attribution_observability,E2::evaluation-0117-evi::truncation::sev2::middle::0::single,evaluation-0117-evi,single,truncation,2,middle,output_only,step-2,step-3,4,2,0,0.5
E3_attribution_observability,E2::evaluation-0117-evi::truncation::sev2::middle::0::single,evaluation-0117-evi,single,truncation,2,middle,sparse_trace,step-2,step-2,4,1,1,1.0
E3_attribution_observability,E2::evaluation-0117-evi::truncation::sev2::middle::0::single,evaluation-0117-evi,single,truncation,2,middle,full_trace,step-2,step-2,4,1,1,1.0
E3_attribution_observability,E2::evaluation-0061-sha::timeout::sev1::early::1::single,evaluation-0061-sha,single,timeout,1,early,output_only,step-0,step-3,4,3,0,0.3333333333333333
E3_attribution_observability,E2::evaluation-0061-sha::timeout::sev1::early::1::single,evaluation-0061-sha,single,timeout,1,early,sparse_trace,step-0,step-0,4,1,1,1.0
E3_attribution_observability,E2::evaluation-0061-sha::timeout::sev1::early::1::single,evaluation-0061-sha,single,timeout,1,early,full_trace,step-0,step-0,4,1,1,1.0
E3_attribution_observability,E2::evaluation-0103-con::referential_drift::sev1::late::0::hierarchical,evaluation-0103-con,hierarchical,referential_drift,1,late,output_only,root,root,7,1,1,1.0
E3_attribution_observability,E2::evaluation-0103-con::referential_drift::sev1::late::0::hierarchical,evaluation-0103-con,hierarchical,referential_drift,1,late,sparse_trace,root,root,7,1,1,1.0
E3_attribution_observability,E2::evaluation-0103-con::referential_drift::sev1::late::0::hierarchical,evaluation-0103-con,hierarchical,referential_drift,1,late,full_trace,root,root,7,1,1,1.0
E3_attribution_observability,E2::evaluation-0082-evi::referential_drift::sev2::middle::1::sequential,evaluation-0082-evi,sequential,referential_drift,2,middle,output_only,step-2,step-3,4,2,0,0.5
E3_attribution_observability,E2::evaluation-0082-evi::referential_drift::sev2::middle::1::sequential,evaluation-0082-evi,sequential,referential_drift,2,middle,sparse_trace,step-2,step-2,4,1,1,1.0
E3_attribution_observability,E2::evaluation-0082-evi::referential_drift::sev2::middle::1::sequential,evaluation-0082-evi,sequential,referential_drift,2,middle,full_trace,step-2,step-2,4,1,1,1.0
E3_attribution_observability,E2::evaluation-0060-ari::wrong_value::sev1::middle::0::sequential,evaluation-0060-ari,sequential,wrong_value,1,middle,output_only,step-2,step-3,4,4,0,0.25
E3_attribution_observability,E2::evaluation-0060-ari::wrong_value::sev1::middle::0::sequential,evaluation-0060-ari,sequential,wrong_value,1,middle,sparse_trace,step-2,step-2,4,1,1,1.0
E3_attribution_observability,E2::evaluation-0060-ari::wrong_value::sev1::middle::0::sequential,evaluation-0060-ari,sequential,wrong_value,1,middle,full_trace,step-2,step-2,4,1,1,1.0
E3_attribution_observability,E2::evaluation-0114-sta::truncation::sev2::late::1::hierarchical,evaluation-0114-sta,hierarchical,truncation,2,late,output_only,root,root,7,1,1,1.0
E3_attribution_observability,E2::evaluation-0114-sta::truncation::sev2::late::1::hierarchical,evaluation-0114-sta,hierarchical,truncation,2,late,sparse_trace,root,root,7,1,1,1.0
E3_attribution_observability,E2::evaluation-0114-sta::truncation::sev2::late::1::hierarchical,evaluation-0114-sta,hierarchical,truncation,2,late,full_trace,root,root,7,1,1,1.0
E3_attribution_observability,E2::evaluation-0099-sta::wrong_value::sev2::late::1::hierarchical,evaluation-0099-sta,hierarchical,wrong_value,2,late,output_only,root,worker-3,7,7,0,0.14285714285714285
E3_attribution_observability,E2::evaluation-0099-sta::wrong_value::sev2::late::1::hierarchical,evaluation-0099-sta,hierarchical,wrong_value,2,late,sparse_trace,root,worker-2,7,2,0,0.5
E3_attribution_observability,E2::evaluation-0099-sta::wrong_value::sev2::late::1::hierarchical,evaluation-0099-sta,hierarchical,wrong_value,2,late,full_trace,root,worker-2,7,3,0,0.3333333333333333
E3_attribution_observability,E2::evaluation-0096-sha::timeout::sev1::late::1::single,evaluation-0096-sha,single,timeout,1,late,output_only,step-3,step-3,4,1,1,1.0
E3_attribution_observability,E2::evaluation-0096-sha::timeout::sev1::late::1::single,evaluation-0096-sha,single,timeout,1,late,sparse_trace,step-3,step-3,4,1,1,1.0
E3_attribution_observability,E2::evaluation-0096-sha::timeout::sev1::late::1::single,evaluation-0096-sha,single,timeout,1,late,full_trace,step-3,step-3,4,1,1,1.0
E3_attribution_observability,E2::evaluation-0087-evi::wrong_value::sev1::late::1::sequential,evaluation-0087-evi,sequential,wrong_value,1,late,output_only,step-3,step-3,4,1,1,1.0
E3_attribution_observability,E2::evaluation-0087-evi::wrong_value::sev1::late::1::sequential,evaluation-0087-evi,sequential,wrong_value,1,late,sparse_trace,step-3,step-2,4,3,0,0.3333333333333333
E3_attribution_observability,E2::evaluation-0087-evi::wrong_value::sev1::late::1::sequential,evaluation-0087-evi,sequential,wrong_value,1,late,full_trace,step-3,step-1,4,3,0,0.3333333333333333
E3_attribution_observability,E2::evaluation-0090-ari::truncation::sev1::early::1::hierarchical,evaluation-0090-ari,hierarchical,truncation,1,early,output_only,worker-0,root,7,3,0,0.3333333333333333
E3_attribution_observability,E2::evaluation-0090-ari::truncation::sev1::early::1::hierarchical,evaluation-0090-ari,hierarchical,truncation,1,early,sparse_trace,worker-0,worker-0,7,1,1,1.0
E3_attribution_observability,E2::evaluation-0090-ari::truncation::sev1::early::1::hierarchical,evaluation-0090-ari,hierarchical,truncation,1,early,full_trace,worker-0,worker-0,7,1,1,1.0
E3_attribution_observability,E2::evaluation-0087-evi::truncation::sev2::middle::1::sequential,evaluation-0087-evi,sequential,truncation,2,middle,output_only,step-2,step-3,4,2,0,0.5
E3_attribution_observability,E2::evaluation-0087-evi::truncation::sev2::middle::1::sequential,evaluation-0087-evi,sequential,truncation,2,middle,sparse_trace,step-2,step-2,4,1,1,1.0
E3_attribution_observability,E2::evaluation-0087-evi::truncation::sev2::middle::1::sequential,evaluation-0087-evi,sequential,truncation,2,middle,full_trace,step-2,step-1,4,2,0,0.5
E3_attribution_observability,E2::evaluation-0109-sta::referential_drift::sev1::middle::1::hierarchical,evaluation-0109-sta,hierarchical,referential_drift,1,middle,output_only,manager-0,root,7,5,0,0.2
E3_attribution_observability,E2::evaluation-0109-sta::referential_drift::sev1::middle::1::hierarchical,evaluation-0109-sta,hierarchical,referential_drift,1,middle,sparse_trace,manager-0,manager-0,7,1,1,1.0
E3_attribution_observability,E2::evaluation-0109-sta::referential_drift::sev1::middle::1::hierarchical,evaluation-0109-sta,hierarchical,referential_drift,1,middle,full_trace,manager-0,manager-0,7,1,1,1.0
E3_attribution_observability,E2::evaluation-0081-sha::timeout::sev1::early::0::sequential,evaluation-0081-sha,sequential,timeout,1,early,output_only,step-0,step-3,4,2,0,0.5
E3_attribution_observability,E2::evaluation-0081-sha::timeout::sev1::early::0::sequential,evaluation-0081-sha,sequential,timeout,1,early,sparse_trace,step-0,step-0,4,1,1,1.0
E3_attribution_observability,E2::evaluation-0081-sha::timeout::sev1::early::0::sequential,evaluation-0081-sha,sequential,timeout,1,early,full_trace,step-0,step-0,4,1,1,1.0
E3_attribution_observability,E2::evaluation-0109-sta::wrong_value::sev1::early::1::single,evaluation-0109-sta,single,wrong_value,1,early,output_only,step-0,step-3,4,2,0,0.5
E3_attribution_observability,E2::evaluation-0109-sta::wrong_value::sev1::early::1::single,evaluation-0109-sta,single,wrong_value,1,early,sparse_trace,step-0,step-0,4,1,1,1.0
E3_attribution_observability,E2::evaluation-0109-sta::wrong_value::sev1::early::1::single,evaluation-0109-sta,single,wrong_value,1,early,full_trace,step-0,step-0,4,1,1,1.0
E3_attribution_observability,E2::evaluation-0084-sta::timeout::sev2::early::0::hierarchical,evaluation-0084-sta,hierarchical,timeout,2,early,output_only,worker-0,root,7,3,0,0.3333333333333333
E3_attribution_observability,E2::evaluation-0084-sta::timeout::sev2::early::0::hierarchical,evaluation-0084-sta,hierarchical,timeout,2,early,sparse_trace,worker-0,worker-0,7,1,1,1.0
E3_attribution_observability,E2::evaluation-0084-sta::timeout::sev2::early::0::hierarchical,evaluation-0084-sta,hierarchical,timeout,2,early,full_trace,worker-0,worker-0,7,1,1,1.0
E3_attribution_observability,E2::evaluation-0061-sha::timeout::sev1::middle::1::single,evaluation-0061-sha,single,timeout,1,middle,output_only,step-2,step-3,4,3,0,0.3333333333333333
E3_attribution_observability,E2::evaluation-0061-sha::timeout::sev1::middle::1::single,evaluation-0061-sha,single,timeout,1,middle,sparse_trace,step-2,step-2,4,1,1,1.0
E3_attribution_observability,E2::evaluation-0061-sha::timeout::sev1::middle::1::single,evaluation-0061-sha,single,timeout,1,middle,full_trace,step-2,step-2,4,1,1,1.0
E3_attribution_observability,E2::evaluation-0070-ari::timeout::sev1::early::0::single,evaluation-0070-ari,single,timeout,1,early,output_only,step-0,step-3,4,3,0,0.3333333333333333
E3_attribution_observability,E2::evaluation-0070-ari::timeout::sev1::early::0::single,evaluation-0070-ari,single,timeout,1,early,sparse_trace,step-0,step-0,4,1,1,1.0
E3_attribution_observability,E2::evaluation-0070-ari::timeout::sev1::early::0::single,evaluation-0070-ari,single,timeout,1,early,full_trace,step-0,step-0,4,1,1,1.0
E3_attribution_observability,E2::evaluation-0069-sta::wrong_value::sev2::middle::1::sequential,evaluation-0069-sta,sequential,wrong_value,2,middle,output_only,step-2,step-3,4,4,0,0.25
E3_attribution_observability,E2::evaluation-0069-sta::wrong_value::sev2::middle::1::sequential,evaluation-0069-sta,sequential,wrong_value,2,middle,sparse_trace,step-2,step-2,4,1,1,1.0
E3_attribution_observability,E2::evaluation-0069-sta::wrong_value::sev2::middle::1::sequential,evaluation-0069-sta,sequential,wrong_value,2,middle,full_trace,step-2,step-1,4,2,0,0.5
E3_attribution_observability,E2::evaluation-0071-sha::truncation::sev1::early::1::parallel,evaluation-0071-sha,parallel,truncation,1,early,output_only,worker-0,aggregate,5,2,0,0.5
E3_attribution_observability,E2::evaluation-0071-sha::truncation::sev1::early::1::parallel,evaluation-0071-sha,parallel,truncation,1,early,sparse_trace,worker-0,worker-0,5,1,1,1.0
E3_attribution_observability,E2::evaluation-0071-sha::truncation::sev1::early::1::parallel,evaluation-0071-sha,parallel,truncation,1,early,full_trace,worker-0,worker-0,5,1,1,1.0
E3_attribution_observability,E2::evaluation-0063-con::truncation::sev2::late::0::parallel,evaluation-0063-con,parallel,truncation,2,late,output_only,aggregate,aggregate,5,1,1,1.0
E3_attribution_observability,E2::evaluation-0063-con::truncation::sev2::late::0::parallel,evaluation-0063-con,parallel,truncation,2,late,sparse_trace,aggregate,aggregate,5,1,1,1.0
E3_attribution_observability,E2::evaluation-0063-con::truncation::sev2::late::0::parallel,evaluation-0063-con,parallel,truncation,2,late,full_trace,aggregate,aggregate,5,1,1,1.0
E3_attribution_observability,E2::evaluation-0115-ari::referential_drift::sev1::late::1::hierarchical,evaluation-0115-ari,hierarchical,referential_drift,1,late,output_only,root,root,7,1,1,1.0
E3_attribution_observability,E2::evaluation-0115-ari::referential_drift::sev1::late::1::hierarchical,evaluation-0115-ari,hierarchical,referential_drift,1,late,sparse_trace,root,worker-0,7,4,0,0.25
E3_attribution_observability,E2::evaluation-0115-ari::referential_drift::sev1::late::1::hierarchical,evaluation-0115-ari,hierarchical,referential_drift,1,late,full_trace,root,worker-0,7,5,0,0.2
E3_attribution_observability,E2::evaluation-0080-ari::wrong_value::sev1::late::1::parallel,evaluation-0080-ari,parallel,wrong_value,1,late,output_only,aggregate,aggregate,5,1,1,1.0
E3_attribution_observability,E2::evaluation-0080-ari::wrong_value::sev1::late::1::parallel,evaluation-0080-ari,parallel,wrong_value,1,late,sparse_trace,aggregate,aggregate,5,1,1,1.0
E3_attribution_observability,E2::evaluation-0080-ari::wrong_value::sev1::late::1::parallel,evaluation-0080-ari,parallel,wrong_value,1,late,full_trace,aggregate,aggregate,5,1,1,1.0
E3_attribution_observability,E2::evaluation-0092-evi::timeout::sev2::late::0::sequential,evaluation-0092-evi,sequential,timeout,2,late,output_only,step-3,step-3,4,1,1,1.0
E3_attribution_observability,E2::evaluation-0092-evi::timeout::sev2::late::0::sequential,evaluation-0092-evi,sequential,timeout,2,late,sparse_trace,step-3,step-2,4,4,0,0.25
E3_attribution_observability,E2::evaluation-0092-evi::timeout::sev2::late::0::sequential,evaluation-0092-evi,sequential,timeout,2,late,full_trace,step-3,step-1,4,3,0,0.3333333333333333
E3_attribution_observability,E2::evaluation-0103-con::wrong_value::sev1::late::1::sequential,evaluation-0103-con,sequential,wrong_value,1,late,output_only,step-3,step-3,4,1,1,1.0
E3_attribution_observability,E2::evaluation-0103-con::wrong_value::sev1::late::1::sequential,evaluation-0103-con,sequential,wrong_value,1,late,sparse_trace,step-3,step-1,4,2,0,0.5
E3_attribution_observability,E2::evaluation-0103-con::wrong_value::sev1::late::1::sequential,evaluation-0103-con,sequential,wrong_value,1,late,full_trace,step-3,step-3,4,1,1,1.0
E3_attribution_observability,E2::evaluation-0071-sha::referential_drift::sev1::early::0::hierarchical,evaluation-0071-sha,hierarchical,referential_drift,1,early,output_only,worker-0,root,7,7,0,0.14285714285714285
E3_attribution_observability,E2::evaluation-0071-sha::referential_drift::sev1::early::0::hierarchical,evaluation-0071-sha,hierarchical,referential_drift,1,early,sparse_trace,worker-0,worker-0,7,1,1,1.0
E3_attribution_observability,E2::evaluation-0071-sha::referential_drift::sev1::early::0::hierarchical,evaluation-0071-sha,hierarchical,referential_drift,1,early,full_trace,worker-0,worker-0,7,1,1,1.0
E3_attribution_observability,E2::evaluation-0090-ari::timeout::sev2::early::0::hierarchical,evaluation-0090-ari,hierarchical,timeout,2,early,output_only,worker-0,root,7,3,0,0.3333333333333333
E3_attribution_observability,E2::evaluation-0090-ari::timeout::sev2::early::0::hierarchical,evaluation-0090-ari,hierarchical,timeout,2,early,sparse_trace,worker-0,worker-0,7,1,1,1.0
E3_attribution_observability,E2::evaluation-0090-ari::timeout::sev2::early::0::hierarchical,evaluation-0090-ari,hierarchical,timeout,2,early,full_trace,worker-0,worker-0,7,1,1,1.0
E3_attribution_observability,E2::evaluation-0068-con::truncation::sev2::middle::1::single,evaluation-0068-con,single,truncation,2,middle,output_only,step-2,step-3,4,2,0,0.5
E3_attribution_observability,E2::evaluation-0068-con::truncation::sev2::middle::1::single,evaluation-0068-con,single,truncation,2,middle,sparse_trace,step-2,step-2,4,1,1,1.0
E3_attribution_observability,E2::evaluation-0068-con::truncation::sev2::middle::1::single,evaluation-0068-con,single,truncation,2,middle,full_trace,step-2,step-2,4,1,1,1.0
E3_attribution_observability,E2::evaluation-0111-sha::wrong_value::sev1::middle::1::single,evaluation-0111-sha,single,wrong_value,1,middle,output_only,step-2,step-3,4,3,0,0.3333333333333333
E3_attribution_observability,E2::evaluation-0111-sha::wrong_value::sev1::middle::1::single,evaluation-0111-sha,single,wrong_value,1,middle,sparse_trace,step-2,step-2,4,1,1,1.0
E3_attribution_observability,E2::evaluation-0111-sha::wrong_value::sev1::middle::1::single,evaluation-0111-sha,single,wrong_value,1,middle,full_trace,step-2,step-2,4,1,1,1.0
E3_attribution_observability,E2::evaluation-0072-evi::referential_drift::sev1::early::0::hierarchical,evaluation-0072-evi,hierarchical,referential_drift,1,early,output_only,worker-0,root,7,2,0,0.5
E3_attribution_observability,E2::evaluation-0072-evi::referential_drift::sev1::early::0::hierarchical,evaluation-0072-evi,hierarchical,referential_drift,1,early,sparse_trace,worker-0,worker-0,7,1,1,1.0
E3_attribution_observability,E2::evaluation-0072-evi::referential_drift::sev1::early::0::hierarchical,evaluation-0072-evi,hierarchical,referential_drift,1,early,full_trace,worker-0,worker-0,7,1,1,1.0
E3_attribution_observability,E2::evaluation-0093-con::referential_drift::sev2::late::1::sequential,evaluation-0093-con,sequential,referential_drift,2,late,output_only,step-3,step-3,4,1,1,1.0
E3_attribution_observability,E2::evaluation-0093-con::referential_drift::sev2::late::1::sequential,evaluation-0093-con,sequential,referential_drift,2,late,sparse_trace,step-3,step-0,4,3,0,0.3333333333333333
E3_attribution_observability,E2::evaluation-0093-con::referential_drift::sev2::late::1::sequential,evaluation-0093-con,sequential,referential_drift,2,late,full_trace,step-3,step-3,4,1,1,1.0
E3_attribution_observability,E2::evaluation-0090-ari::wrong_value::sev2::middle::1::hierarchical,evaluation-0090-ari,hierarchical,wrong_value,2,middle,output_only,manager-0,root,7,4,0,0.25
E3_attribution_observability,E2::evaluation-0090-ari::wrong_value::sev2::middle::1::hierarchical,evaluation-0090-ari,hierarchical,wrong_value,2,middle,sparse_trace,manager-0,manager-0,7,1,1,1.0
E3_attribution_observability,E2::evaluation-0090-ari::wrong_value::sev2::middle::1::hierarchical,evaluation-0090-ari,hierarchical,wrong_value,2,middle,full_trace,manager-0,manager-0,7,1,1,1.0
E3_attribution_observability,E2::evaluation-0099-sta::referential_drift::sev2::middle::1::single,evaluation-0099-sta,single,referential_drift,2,middle,output_only,step-2,step-3,4,3,0,0.3333333333333333
E3_attribution_observability,E2::evaluation-0099-sta::referential_drift::sev2::middle::1::single,evaluation-0099-sta,single,referential_drift,2,middle,sparse_trace,step-2,step-2,4,1,1,1.0
E3_attribution_observability,E2::evaluation-0099-sta::referential_drift::sev2::middle::1::single,evaluation-0099-sta,single,referential_drift,2,middle,full_trace,step-2,step-2,4,1,1,1.0
E3_attribution_observability,E2::evaluation-0094-sta::timeout::sev1::early::0::hierarchical,evaluation-0094-sta,hierarchical,timeout,1,early,output_only,worker-0,root,7,2,0,0.5
E3_attribution_observability,E2::evaluation-0094-sta::timeout::sev1::early::0::hierarchical,evaluation-0094-sta,hierarchical,timeout,1,early,sparse_trace,worker-0,worker-0,7,1,1,1.0
E3_attribution_observability,E2::evaluation-0094-sta::timeout::sev1::early::0::hierarchical,evaluation-0094-sta,hierarchical,timeout,1,early,full_trace,worker-0,worker-0,7,1,1,1.0
E3_attribution_observability,E2::evaluation-0103-con::truncation::sev1::early::1::sequential,evaluation-0103-con,sequential,truncation,1,early,output_only,step-0,step-3,4,2,0,0.5
E3_attribution_observability,E2::evaluation-0103-con::truncation::sev1::early::1::sequential,evaluation-0103-con,sequential,truncation,1,early,sparse_trace,step-0,step-0,4,1,1,1.0
E3_attribution_observability,E2::evaluation-0103-con::truncation::sev1::early::1::sequential,evaluation-0103-con,sequential,truncation,1,early,full_trace,step-0,step-0,4,1,1,1.0
E3_attribution_observability,E2::evaluation-0101-sha::referential_drift::sev1::late::0::single,evaluation-0101-sha,single,referential_drift,1,late,output_only,step-3,step-3,4,1,1,1.0
E3_attribution_observability,E2::evaluation-0101-sha::referential_drift::sev1::late::0::single,evaluation-0101-sha,single,referential_drift,1,late,sparse_trace,step-3,step-1,4,4,0,0.25
E3_attribution_observability,E2::evaluation-0101-sha::referential_drift::sev1::late::0::single,evaluation-0101-sha,single,referential_drift,1,late,full_trace,step-3,step-3,4,1,1,1.0
E3_attribution_observability,E2::evaluation-0077-evi::truncation::sev1::early::0::single,evaluation-0077-evi,single,truncation,1,early,output_only,step-0,step-3,4,2,0,0.5
E3_attribution_observability,E2::evaluation-0077-evi::truncation::sev1::early::0::single,evaluation-0077-evi,single,truncation,1,early,sparse_trace,step-0,step-0,4,1,1,1.0
E3_attribution_observability,E2::evaluation-0077-evi::truncation::sev1::early::0::single,evaluation-0077-evi,single,truncation,1,early,full_trace,step-0,step-0,4,1,1,1.0
E3_attribution_observability,E2::evaluation-0061-sha::wrong_value::sev2::middle::0::hierarchical,evaluation-0061-sha,hierarchical,wrong_value,2,middle,output_only,manager-0,root,7,2,0,0.5
E3_attribution_observability,E2::evaluation-0061-sha::wrong_value::sev2::middle::0::hierarchical,evaluation-0061-sha,hierarchical,wrong_value,2,middle,sparse_trace,manager-0,manager-0,7,1,1,1.0
E3_attribution_observability,E2::evaluation-0061-sha::wrong_value::sev2::middle::0::hierarchical,evaluation-0061-sha,hierarchical,wrong_value,2,middle,full_trace,manager-0,manager-0,7,1,1,1.0
E3_attribution_observability,E2::evaluation-0077-evi::timeout::sev1::middle::0::sequential,evaluation-0077-evi,sequential,timeout,1,middle,output_only,step-2,step-3,4,3,0,0.3333333333333333
E3_attribution_observability,E2::evaluation-0077-evi::timeout::sev1::middle::0::sequential,evaluation-0077-evi,sequential,timeout,1,middle,sparse_trace,step-2,step-2,4,1,1,1.0
E3_attribution_observability,E2::evaluation-0077-evi::timeout::sev1::middle::0::sequential,evaluation-0077-evi,sequential,timeout,1,middle,full_trace,step-2,step-2,4,1,1,1.0
E3_attribution_observability,E2::evaluation-0116-sha::timeout::sev1::middle::0::sequential,evaluation-0116-sha,sequential,timeout,1,middle,output_only,step-2,step-3,4,4,0,0.25
E3_attribution_observability,E2::evaluation-0116-sha::timeout::sev1::middle::0::sequential,evaluation-0116-sha,sequential,timeout,1,middle,sparse_trace,step-2,step-2,4,1,1,1.0
E3_attribution_observability,E2::evaluation-0116-sha::timeout::sev1::middle::0::sequential,evaluation-0116-sha,sequential,timeout,1,middle,full_trace,step-2,step-2,4,1,1,1.0
E3_attribution_observability,E2::evaluation-0067-evi::truncation::sev1::middle::0::single,evaluation-0067-evi,single,truncation,1,middle,output_only,step-2,step-3,4,4,0,0.25
E3_attribution_observability,E2::evaluation-0067-evi::truncation::sev1::middle::0::single,evaluation-0067-evi,single,truncation,1,middle,sparse_trace,step-2,step-2,4,1,1,1.0
E3_attribution_observability,E2::evaluation-0067-evi::truncation::sev1::middle::0::single,evaluation-0067-evi,single,truncation,1,middle,full_trace,step-2,step-2,4,1,1,1.0
E3_attribution_observability,E2::evaluation-0072-evi::referential_drift::sev2::middle::0::sequential,evaluation-0072-evi,sequential,referential_drift,2,middle,output_only,step-2,step-3,4,2,0,0.5
E3_attribution_observability,E2::evaluation-0072-evi::referential_drift::sev2::middle::0::sequential,evaluation-0072-evi,sequential,referential_drift,2,middle,sparse_trace,step-2,step-2,4,1,1,1.0
E3_attribution_observability,E2::evaluation-0072-evi::referential_drift::sev2::middle::0::sequential,evaluation-0072-evi,sequential,referential_drift,2,middle,full_trace,step-2,step-2,4,1,1,1.0
E3_attribution_observability,E2::evaluation-0100-ari::timeout::sev2::early::1::parallel,evaluation-0100-ari,parallel,timeout,2,early,output_only,worker-0,aggregate,5,3,0,0.3333333333333333
E3_attribution_observability,E2::evaluation-0100-ari::timeout::sev2::early::1::parallel,evaluation-0100-ari,parallel,timeout,2,early,sparse_trace,worker-0,worker-0,5,1,1,1.0
E3_attribution_observability,E2::evaluation-0100-ari::timeout::sev2::early::1::parallel,evaluation-0100-ari,parallel,timeout,2,early,full_trace,worker-0,worker-0,5,1,1,1.0
E3_attribution_observability,E2::evaluation-0087-evi::timeout::sev2::late::1::sequential,evaluation-0087-evi,sequential,timeout,2,late,output_only,step-3,step-3,4,1,1,1.0
E3_attribution_observability,E2::evaluation-0087-evi::timeout::sev2::late::1::sequential,evaluation-0087-evi,sequential,timeout,2,late,sparse_trace,step-3,step-1,4,2,0,0.5
E3_attribution_observability,E2::evaluation-0087-evi::timeout::sev2::late::1::sequential,evaluation-0087-evi,sequential,timeout,2,late,full_trace,step-3,step-3,4,1,1,1.0
E3_attribution_observability,E2::evaluation-0070-ari::timeout::sev1::late::1::sequential,evaluation-0070-ari,sequential,timeout,1,late,output_only,step-3,step-3,4,1,1,1.0
E3_attribution_observability,E2::evaluation-0070-ari::timeout::sev1::late::1::sequential,evaluation-0070-ari,sequential,timeout,1,late,sparse_trace,step-3,step-1,4,4,0,0.25
E3_attribution_observability,E2::evaluation-0070-ari::timeout::sev1::late::1::sequential,evaluation-0070-ari,sequential,timeout,1,late,full_trace,step-3,step-3,4,1,1,1.0
E3_attribution_observability,E2::evaluation-0115-ari::timeout::sev1::early::1::single,evaluation-0115-ari,single,timeout,1,early,output_only,step-0,step-3,4,4,0,0.25
E3_attribution_observability,E2::evaluation-0115-ari::timeout::sev1::early::1::single,evaluation-0115-ari,single,timeout,1,early,sparse_trace,step-0,step-0,4,1,1,1.0
E3_attribution_observability,E2::evaluation-0115-ari::timeout::sev1::early::1::single,evaluation-0115-ari,single,timeout,1,early,full_trace,step-0,step-0,4,1,1,1.0
E3_attribution_observability,E2::evaluation-0090-ari::referential_drift::sev2::early::0::hierarchical,evaluation-0090-ari,hierarchical,referential_drift,2,early,output_only,worker-0,root,7,4,0,0.25
E3_attribution_observability,E2::evaluation-0090-ari::referential_drift::sev2::early::0::hierarchical,evaluation-0090-ari,hierarchical,referential_drift,2,early,sparse_trace,worker-0,worker-0,7,1,1,1.0
E3_attribution_observability,E2::evaluation-0090-ari::referential_drift::sev2::early::0::hierarchical,evaluation-0090-ari,hierarchical,referential_drift,2,early,full_trace,worker-0,worker-0,7,1,1,1.0
E3_attribution_observability,E2::evaluation-0068-con::truncation::sev2::middle::1::hierarchical,evaluation-0068-con,hierarchical,truncation,2,middle,output_only,manager-0,root,7,4,0,0.25
E3_attribution_observability,E2::evaluation-0068-con::truncation::sev2::middle::1::hierarchical,evaluation-0068-con,hierarchical,truncation,2,middle,sparse_trace,manager-0,manager-0,7,1,1,1.0
E3_attribution_observability,E2::evaluation-0068-con::truncation::sev2::middle::1::hierarchical,evaluation-0068-con,hierarchical,truncation,2,middle,full_trace,manager-0,manager-0,7,1,1,1.0
E3_attribution_observability,E2::evaluation-0106-sha::wrong_value::sev1::middle::0::hierarchical,evaluation-0106-sha,hierarchical,wrong_value,1,middle,output_only,manager-0,root,7,2,0,0.5
E3_attribution_observability,E2::evaluation-0106-sha::wrong_value::sev1::middle::0::hierarchical,evaluation-0106-sha,hierarchical,wrong_value,1,middle,sparse_trace,manager-0,manager-0,7,1,1,1.0
E3_attribution_observability,E2::evaluation-0106-sha::wrong_value::sev1::middle::0::hierarchical,evaluation-0106-sha,hierarchical,wrong_value,1,middle,full_trace,manager-0,manager-0,7,1,1,1.0
E3_attribution_observability,E2::evaluation-0099-sta::referential_drift::sev2::middle::1::parallel,evaluation-0099-sta,parallel,referential_drift,2,middle,output_only,worker-2,aggregate,5,4,0,0.25
E3_attribution_observability,E2::evaluation-0099-sta::referential_drift::sev2::middle::1::parallel,evaluation-0099-sta,parallel,referential_drift,2,middle,sparse_trace,worker-2,worker-2,5,1,1,1.0
E3_attribution_observability,E2::evaluation-0099-sta::referential_drift::sev2::middle::1::parallel,evaluation-0099-sta,parallel,referential_drift,2,middle,full_trace,worker-2,worker-2,5,1,1,1.0
E3_attribution_observability,E2::evaluation-0079-sta::truncation::sev2::early::1::parallel,evaluation-0079-sta,parallel,truncation,2,early,output_only,worker-0,aggregate,5,5,0,0.2
E3_attribution_observability,E2::evaluation-0079-sta::truncation::sev2::early::1::parallel,evaluation-0079-sta,parallel,truncation,2,early,sparse_trace,worker-0,worker-0,5,1,1,1.0
E3_attribution_observability,E2::evaluation-0079-sta::truncation::sev2::early::1::parallel,evaluation-0079-sta,parallel,truncation,2,early,full_trace,worker-0,worker-0,5,1,1,1.0
E3_attribution_observability,E2::evaluation-0069-sta::truncation::sev2::early::0::parallel,evaluation-0069-sta,parallel,truncation,2,early,output_only,worker-0,aggregate,5,3,0,0.3333333333333333
E3_attribution_observability,E2::evaluation-0069-sta::truncation::sev2::early::0::parallel,evaluation-0069-sta,parallel,truncation,2,early,sparse_trace,worker-0,worker-0,5,1,1,1.0
E3_attribution_observability,E2::evaluation-0069-sta::truncation::sev2::early::0::parallel,evaluation-0069-sta,parallel,truncation,2,early,full_trace,worker-0,worker-0,5,1,1,1.0
E3_attribution_observability,E2::evaluation-0099-sta::timeout::sev1::early::0::parallel,evaluation-0099-sta,parallel,timeout,1,early,output_only,worker-0,aggregate,5,2,0,0.5
E3_attribution_observability,E2::evaluation-0099-sta::timeout::sev1::early::0::parallel,evaluation-0099-sta,parallel,timeout,1,early,sparse_trace,worker-0,worker-0,5,1,1,1.0
E3_attribution_observability,E2::evaluation-0099-sta::timeout::sev1::early::0::parallel,evaluation-0099-sta,parallel,timeout,1,early,full_trace,worker-0,worker-0,5,1,1,1.0
E3_attribution_observability,E2::evaluation-0107-evi::truncation::sev2::early::1::hierarchical,evaluation-0107-evi,hierarchical,truncation,2,early,output_only,worker-0,root,7,3,0,0.3333333333333333
E3_attribution_observability,E2::evaluation-0107-evi::truncation::sev2::early::1::hierarchical,evaluation-0107-evi,hierarchical,truncation,2,early,sparse_trace,worker-0,worker-0,7,1,1,1.0
E3_attribution_observability,E2::evaluation-0107-evi::truncation::sev2::early::1::hierarchical,evaluation-0107-evi,hierarchical,truncation,2,early,full_trace,worker-0,worker-0,7,1,1,1.0
E3_attribution_observability,E2::evaluation-0074-sta::wrong_value::sev1::middle::0::single,evaluation-0074-sta,single,wrong_value,1,middle,output_only,step-2,step-3,4,4,0,0.25
E3_attribution_observability,E2::evaluation-0074-sta::wrong_value::sev1::middle::0::single,evaluation-0074-sta,single,wrong_value,1,middle,sparse_trace,step-2,step-2,4,1,1,1.0
E3_attribution_observability,E2::evaluation-0074-sta::wrong_value::sev1::middle::0::single,evaluation-0074-sta,single,wrong_value,1,middle,full_trace,step-2,step-2,4,1,1,1.0
E3_attribution_observability,E2::evaluation-0063-con::truncation::sev1::early::0::parallel,evaluation-0063-con,parallel,truncation,1,early,output_only,worker-0,aggregate,5,4,0,0.25
E3_attribution_observability,E2::evaluation-0063-con::truncation::sev1::early::0::parallel,evaluation-0063-con,parallel,truncation,1,early,sparse_trace,worker-0,worker-0,5,1,1,1.0
E3_attribution_observability,E2::evaluation-0063-con::truncation::sev1::early::0::parallel,evaluation-0063-con,parallel,truncation,1,early,full_trace,worker-0,worker-0,5,1,1,1.0
E3_attribution_observability,E2::evaluation-0099-sta::timeout::sev1::middle::0::hierarchical,evaluation-0099-sta,hierarchical,timeout,1,middle,output_only,manager-0,root,7,5,0,0.2
E3_attribution_observability,E2::evaluation-0099-sta::timeout::sev1::middle::0::hierarchical,evaluation-0099-sta,hierarchical,timeout,1,middle,sparse_trace,manager-0,manager-0,7,1,1,1.0
E3_attribution_observability,E2::evaluation-0099-sta::timeout::sev1::middle::0::hierarchical,evaluation-0099-sta,hierarchical,timeout,1,middle,full_trace,manager-0,manager-0,7,1,1,1.0
E3_attribution_observability,E2::evaluation-0075-ari::truncation::sev2::middle::0::sequential,evaluation-0075-ari,sequential,truncation,2,middle,output_only,step-2,step-3,4,2,0,0.5
E3_attribution_observability,E2::evaluation-0075-ari::truncation::sev2::middle::0::sequential,evaluation-0075-ari,sequential,truncation,2,middle,sparse_trace,step-2,step-2,4,1,1,1.0
E3_attribution_observability,E2::evaluation-0075-ari::truncation::sev2::middle::0::sequential,evaluation-0075-ari,sequential,truncation,2,middle,full_trace,step-2,step-2,4,1,1,1.0
E3_attribution_observability,E2::evaluation-0100-ari::timeout::sev1::late::1::sequential,evaluation-0100-ari,sequential,timeout,1,late,output_only,step-3,step-3,4,1,1,1.0
E3_attribution_observability,E2::evaluation-0100-ari::timeout::sev1::late::1::sequential,evaluation-0100-ari,sequential,timeout,1,late,sparse_trace,step-3,step-3,4,1,1,1.0
E3_attribution_observability,E2::evaluation-0100-ari::timeout::sev1::late::1::sequential,evaluation-0100-ari,sequential,timeout,1,late,full_trace,step-3,step-3,4,1,1,1.0
E3_attribution_observability,E2::evaluation-0110-ari::timeout::sev2::early::0::sequential,evaluation-0110-ari,sequential,timeout,2,early,output_only,step-0,step-3,4,3,0,0.3333333333333333
E3_attribution_observability,E2::evaluation-0110-ari::timeout::sev2::early::0::sequential,evaluation-0110-ari,sequential,timeout,2,early,sparse_trace,step-0,step-0,4,1,1,1.0
E3_attribution_observability,E2::evaluation-0110-ari::timeout::sev2::early::0::sequential,evaluation-0110-ari,sequential,timeout,2,early,full_trace,step-0,step-0,4,1,1,1.0
E3_attribution_observability,E2::evaluation-0096-sha::timeout::sev2::middle::1::sequential,evaluation-0096-sha,sequential,timeout,2,middle,output_only,step-2,step-3,4,3,0,0.3333333333333333
E3_attribution_observability,E2::evaluation-0096-sha::timeout::sev2::middle::1::sequential,evaluation-0096-sha,sequential,timeout,2,middle,sparse_trace,step-2,step-2,4,1,1,1.0
E3_attribution_observability,E2::evaluation-0096-sha::timeout::sev2::middle::1::sequential,evaluation-0096-sha,sequential,timeout,2,middle,full_trace,step-2,step-2,4,1,1,1.0
E3_attribution_observability,E2::evaluation-0098-con::wrong_value::sev2::middle::1::hierarchical,evaluation-0098-con,hierarchical,wrong_value,2,middle,output_only,manager-0,root,7,4,0,0.25
E3_attribution_observability,E2::evaluation-0098-con::wrong_value::sev2::middle::1::hierarchical,evaluation-0098-con,hierarchical,wrong_value,2,middle,sparse_trace,manager-0,manager-0,7,1,1,1.0
E3_attribution_observability,E2::evaluation-0098-con::wrong_value::sev2::middle::1::hierarchical,evaluation-0098-con,hierarchical,wrong_value,2,middle,full_trace,manager-0,manager-0,7,1,1,1.0
E3_attribution_observability,E2::evaluation-0111-sha::timeout::sev2::middle::0::parallel,evaluation-0111-sha,parallel,timeout,2,middle,output_only,worker-2,aggregate,5,2,0,0.5
E3_attribution_observability,E2::evaluation-0111-sha::timeout::sev2::middle::0::parallel,evaluation-0111-sha,parallel,timeout,2,middle,sparse_trace,worker-2,worker-2,5,1,1,1.0
E3_attribution_observability,E2::evaluation-0111-sha::timeout::sev2::middle::0::parallel,evaluation-0111-sha,parallel,timeout,2,middle,full_trace,worker-2,worker-2,5,1,1,1.0
E3_attribution_observability,E2::evaluation-0073-con::referential_drift::sev1::middle::1::sequential,evaluation-0073-con,sequential,referential_drift,1,middle,output_only,step-2,step-3,4,4,0,0.25
E3_attribution_observability,E2::evaluation-0073-con::referential_drift::sev1::middle::1::sequential,evaluation-0073-con,sequential,referential_drift,1,middle,sparse_trace,step-2,step-2,4,1,1,1.0
E3_attribution_observability,E2::evaluation-0073-con::referential_drift::sev1::middle::1::sequential,evaluation-0073-con,sequential,referential_drift,1,middle,full_trace,step-2,step-2,4,1,1,1.0
E3_attribution_observability,E2::evaluation-0101-sha::referential_drift::sev2::late::1::single,evaluation-0101-sha,single,referential_drift,2,late,output_only,step-3,step-3,4,1,1,1.0
E3_attribution_observability,E2::evaluation-0101-sha::referential_drift::sev2::late::1::single,evaluation-0101-sha,single,referential_drift,2,late,sparse_trace,step-3,step-0,4,4,0,0.25
E3_attribution_observability,E2::evaluation-0101-sha::referential_drift::sev2::late::1::single,evaluation-0101-sha,single,referential_drift,2,late,full_trace,step-3,step-0,4,4,0,0.25
E3_attribution_observability,E2::evaluation-0086-sha::timeout::sev2::middle::0::parallel,evaluation-0086-sha,parallel,timeout,2,middle,output_only,worker-2,aggregate,5,2,0,0.5
E3_attribution_observability,E2::evaluation-0086-sha::timeout::sev2::middle::0::parallel,evaluation-0086-sha,parallel,timeout,2,middle,sparse_trace,worker-2,worker-2,5,1,1,1.0
E3_attribution_observability,E2::evaluation-0086-sha::timeout::sev2::middle::0::parallel,evaluation-0086-sha,parallel,timeout,2,middle,full_trace,worker-2,worker-2,5,1,1,1.0
E3_attribution_observability,E2::evaluation-0086-sha::wrong_value::sev2::middle::0::parallel,evaluation-0086-sha,parallel,wrong_value,2,middle,output_only,worker-2,aggregate,5,2,0,0.5
E3_attribution_observability,E2::evaluation-0086-sha::wrong_value::sev2::middle::0::parallel,evaluation-0086-sha,parallel,wrong_value,2,middle,sparse_trace,worker-2,worker-2,5,1,1,1.0
E3_attribution_observability,E2::evaluation-0086-sha::wrong_value::sev2::middle::0::parallel,evaluation-0086-sha,parallel,wrong_value,2,middle,full_trace,worker-2,worker-2,5,1,1,1.0
E3_attribution_observability,E2::evaluation-0077-evi::truncation::sev2::early::1::hierarchical,evaluation-0077-evi,hierarchical,truncation,2,early,output_only,worker-0,root,7,5,0,0.2
E3_attribution_observability,E2::evaluation-0077-evi::truncation::sev2::early::1::hierarchical,evaluation-0077-evi,hierarchical,truncation,2,early,sparse_trace,worker-0,worker-0,7,1,1,1.0
E3_attribution_observability,E2::evaluation-0077-evi::truncation::sev2::early::1::hierarchical,evaluation-0077-evi,hierarchical,truncation,2,early,full_trace,worker-0,worker-0,7,1,1,1.0
E3_attribution_observability,E2::evaluation-0104-sta::truncation::sev2::late::1::sequential,evaluation-0104-sta,sequential,truncation,2,late,output_only,step-3,step-3,4,1,1,1.0
E3_attribution_observability,E2::evaluation-0104-sta::truncation::sev2::late::1::sequential,evaluation-0104-sta,sequential,truncation,2,late,sparse_trace,step-3,step-0,4,3,0,0.3333333333333333
E3_attribution_observability,E2::evaluation-0104-sta::truncation::sev2::late::1::sequential,evaluation-0104-sta,sequential,truncation,2,late,full_trace,step-3,step-3,4,1,1,1.0
E3_attribution_observability,E2::evaluation-0091-sha::referential_drift::sev1::late::0::sequential,evaluation-0091-sha,sequential,referential_drift,1,late,output_only,step-3,step-3,4,1,1,1.0
E3_attribution_observability,E2::evaluation-0091-sha::referential_drift::sev1::late::0::sequential,evaluation-0091-sha,sequential,referential_drift,1,late,sparse_trace,step-3,step-0,4,3,0,0.3333333333333333
E3_attribution_observability,E2::evaluation-0091-sha::referential_drift::sev1::late::0::sequential,evaluation-0091-sha,sequential,referential_drift,1,late,full_trace,step-3,step-3,4,1,1,1.0
E3_attribution_observability,E2::evaluation-0102-evi::wrong_value::sev2::late::1::parallel,evaluation-0102-evi,parallel,wrong_value,2,late,output_only,aggregate,aggregate,5,1,1,1.0
E3_attribution_observability,E2::evaluation-0102-evi::wrong_value::sev2::late::1::parallel,evaluation-0102-evi,parallel,wrong_value,2,late,sparse_trace,aggregate,aggregate,5,1,1,1.0
E3_attribution_observability,E2::evaluation-0102-evi::wrong_value::sev2::late::1::parallel,evaluation-0102-evi,parallel,wrong_value,2,late,full_trace,aggregate,aggregate,5,1,1,1.0
E3_attribution_observability,E2::evaluation-0075-ari::truncation::sev1::late::1::single,evaluation-0075-ari,single,truncation,1,late,output_only,step-3,step-3,4,1,1,1.0
E3_attribution_observability,E2::evaluation-0075-ari::truncation::sev1::late::1::single,evaluation-0075-ari,single,truncation,1,late,sparse_trace,step-3,step-1,4,4,0,0.25
E3_attribution_observability,E2::evaluation-0075-ari::truncation::sev1::late::1::single,evaluation-0075-ari,single,truncation,1,late,full_trace,step-3,step-3,4,1,1,1.0
E3_attribution_observability,E2::evaluation-0099-sta::timeout::sev1::middle::0::parallel,evaluation-0099-sta,parallel,timeout,1,middle,output_only,worker-2,aggregate,5,4,0,0.25
E3_attribution_observability,E2::evaluation-0099-sta::timeout::sev1::middle::0::parallel,evaluation-0099-sta,parallel,timeout,1,middle,sparse_trace,worker-2,worker-2,5,1,1,1.0
E3_attribution_observability,E2::evaluation-0099-sta::timeout::sev1::middle::0::parallel,evaluation-0099-sta,parallel,timeout,1,middle,full_trace,worker-2,worker-2,5,1,1,1.0
E3_attribution_observability,E2::evaluation-0093-con::referential_drift::sev1::early::0::sequential,evaluation-0093-con,sequential,referential_drift,1,early,output_only,step-0,step-3,4,4,0,0.25
E3_attribution_observability,E2::evaluation-0093-con::referential_drift::sev1::early::0::sequential,evaluation-0093-con,sequential,referential_drift,1,early,sparse_trace,step-0,step-0,4,1,1,1.0
E3_attribution_observability,E2::evaluation-0093-con::referential_drift::sev1::early::0::sequential,evaluation-0093-con,sequential,referential_drift,1,early,full_trace,step-0,step-0,4,1,1,1.0
E3_attribution_observability,E2::evaluation-0089-sta::truncation::sev1::early::0::hierarchical,evaluation-0089-sta,hierarchical,truncation,1,early,output_only,worker-0,root,7,5,0,0.2
E3_attribution_observability,E2::evaluation-0089-sta::truncation::sev1::early::0::hierarchical,evaluation-0089-sta,hierarchical,truncation,1,early,sparse_trace,worker-0,worker-0,7,1,1,1.0
E3_attribution_observability,E2::evaluation-0089-sta::truncation::sev1::early::0::hierarchical,evaluation-0089-sta,hierarchical,truncation,1,early,full_trace,worker-0,worker-0,7,1,1,1.0
E3_attribution_observability,E2::evaluation-0105-ari::truncation::sev2::middle::0::parallel,evaluation-0105-ari,parallel,truncation,2,middle,output_only,worker-2,aggregate,5,5,0,0.2
E3_attribution_observability,E2::evaluation-0105-ari::truncation::sev2::middle::0::parallel,evaluation-0105-ari,parallel,truncation,2,middle,sparse_trace,worker-2,worker-2,5,1,1,1.0
E3_attribution_observability,E2::evaluation-0105-ari::truncation::sev2::middle::0::parallel,evaluation-0105-ari,parallel,truncation,2,middle,full_trace,worker-2,worker-2,5,1,1,1.0
E3_attribution_observability,E2::evaluation-0107-evi::wrong_value::sev2::middle::0::single,evaluation-0107-evi,single,wrong_value,2,middle,output_only,step-2,step-3,4,3,0,0.3333333333333333
E3_attribution_observability,E2::evaluation-0107-evi::wrong_value::sev2::middle::0::single,evaluation-0107-evi,single,wrong_value,2,middle,sparse_trace,step-2,step-2,4,1,1,1.0
E3_attribution_observability,E2::evaluation-0107-evi::wrong_value::sev2::middle::0::single,evaluation-0107-evi,single,wrong_value,2,middle,full_trace,step-2,step-2,4,1,1,1.0
E3_attribution_observability,E2::evaluation-0067-evi::timeout::sev2::early::0::parallel,evaluation-0067-evi,parallel,timeout,2,early,output_only,worker-0,aggregate,5,5,0,0.2
E3_attribution_observability,E2::evaluation-0067-evi::timeout::sev2::early::0::parallel,evaluation-0067-evi,parallel,timeout,2,early,sparse_trace,worker-0,worker-0,5,1,1,1.0
E3_attribution_observability,E2::evaluation-0067-evi::timeout::sev2::early::0::parallel,evaluation-0067-evi,parallel,timeout,2,early,full_trace,worker-0,worker-0,5,1,1,1.0
E3_attribution_observability,E2::evaluation-0079-sta::wrong_value::sev1::middle::1::hierarchical,evaluation-0079-sta,hierarchical,wrong_value,1,middle,output_only,manager-0,root,7,6,0,0.16666666666666666
E3_attribution_observability,E2::evaluation-0079-sta::wrong_value::sev1::middle::1::hierarchical,evaluation-0079-sta,hierarchical,wrong_value,1,middle,sparse_trace,manager-0,manager-0,7,1,1,1.0
E3_attribution_observability,E2::evaluation-0079-sta::wrong_value::sev1::middle::1::hierarchical,evaluation-0079-sta,hierarchical,wrong_value,1,middle,full_trace,manager-0,manager-0,7,1,1,1.0
E3_attribution_observability,E2::evaluation-0093-con::referential_drift::sev1::late::1::sequential,evaluation-0093-con,sequential,referential_drift,1,late,output_only,step-3,step-3,4,1,1,1.0
E3_attribution_observability,E2::evaluation-0093-con::referential_drift::sev1::late::1::sequential,evaluation-0093-con,sequential,referential_drift,1,late,sparse_trace,step-3,step-3,4,1,1,1.0
E3_attribution_observability,E2::evaluation-0093-con::referential_drift::sev1::late::1::sequential,evaluation-0093-con,sequential,referential_drift,1,late,full_trace,step-3,step-3,4,1,1,1.0
E3_attribution_observability,E2::evaluation-0095-ari::truncation::sev2::late::1::parallel,evaluation-0095-ari,parallel,truncation,2,late,output_only,aggregate,aggregate,5,1,1,1.0
E3_attribution_observability,E2::evaluation-0095-ari::truncation::sev2::late::1::parallel,evaluation-0095-ari,parallel,truncation,2,late,sparse_trace,aggregate,aggregate,5,1,1,1.0
E3_attribution_observability,E2::evaluation-0095-ari::truncation::sev2::late::1::parallel,evaluation-0095-ari,parallel,truncation,2,late,full_trace,aggregate,aggregate,5,1,1,1.0
E3_attribution_observability,E2::evaluation-0083-con::referential_drift::sev2::late::1::sequential,evaluation-0083-con,sequential,referential_drift,2,late,output_only,step-3,step-1,4,2,0,0.5
E3_attribution_observability,E2::evaluation-0083-con::referential_drift::sev2::late::1::sequential,evaluation-0083-con,sequential,referential_drift,2,late,sparse_trace,step-3,step-0,4,3,0,0.3333333333333333
E3_attribution_observability,E2::evaluation-0083-con::referential_drift::sev2::late::1::sequential,evaluation-0083-con,sequential,referential_drift,2,late,full_trace,step-3,step-1,4,4,0,0.25
E3_attribution_observability,E2::evaluation-0099-sta::truncation::sev2::early::0::single,evaluation-0099-sta,single,truncation,2,early,output_only,step-0,step-3,4,3,0,0.3333333333333333
E3_attribution_observability,E2::evaluation-0099-sta::truncation::sev2::early::0::single,evaluation-0099-sta,single,truncation,2,early,sparse_trace,step-0,step-0,4,1,1,1.0
E3_attribution_observability,E2::evaluation-0099-sta::truncation::sev2::early::0::single,evaluation-0099-sta,single,truncation,2,early,full_trace,step-0,step-0,4,1,1,1.0
E3_attribution_observability,E2::evaluation-0108-con::referential_drift::sev2::middle::1::parallel,evaluation-0108-con,parallel,referential_drift,2,middle,output_only,worker-2,aggregate,5,3,0,0.3333333333333333
E3_attribution_observability,E2::evaluation-0108-con::referential_drift::sev2::middle::1::parallel,evaluation-0108-con,parallel,referential_drift,2,middle,sparse_trace,worker-2,worker-2,5,1,1,1.0
E3_attribution_observability,E2::evaluation-0108-con::referential_drift::sev2::middle::1::parallel,evaluation-0108-con,parallel,referential_drift,2,middle,full_trace,worker-2,worker-2,5,1,1,1.0
E3_attribution_observability,E2::evaluation-0063-con::truncation::sev2::late::1::parallel,evaluation-0063-con,parallel,truncation,2,late,output_only,aggregate,aggregate,5,1,1,1.0
E3_attribution_observability,E2::evaluation-0063-con::truncation::sev2::late::1::parallel,evaluation-0063-con,parallel,truncation,2,late,sparse_trace,aggregate,aggregate,5,1,1,1.0
E3_attribution_observability,E2::evaluation-0063-con::truncation::sev2::late::1::parallel,evaluation-0063-con,parallel,truncation,2,late,full_trace,aggregate,aggregate,5,1,1,1.0
E3_attribution_observability,E2::evaluation-0060-ari::referential_drift::sev1::early::1::sequential,evaluation-0060-ari,sequential,referential_drift,1,early,output_only,step-0,step-3,4,3,0,0.3333333333333333
E3_attribution_observability,E2::evaluation-0060-ari::referential_drift::sev1::early::1::sequential,evaluation-0060-ari,sequential,referential_drift,1,early,sparse_trace,step-0,step-0,4,1,1,1.0
E3_attribution_observability,E2::evaluation-0060-ari::referential_drift::sev1::early::1::sequential,evaluation-0060-ari,sequential,referential_drift,1,early,full_trace,step-0,step-0,4,1,1,1.0
E3_attribution_observability,E2::evaluation-0102-evi::truncation::sev1::late::0::parallel,evaluation-0102-evi,parallel,truncation,1,late,output_only,aggregate,aggregate,5,1,1,1.0
E3_attribution_observability,E2::evaluation-0102-evi::truncation::sev1::late::0::parallel,evaluation-0102-evi,parallel,truncation,1,late,sparse_trace,aggregate,worker-1,5,3,0,0.3333333333333333
E3_attribution_observability,E2::evaluation-0102-evi::truncation::sev1::late::0::parallel,evaluation-0102-evi,parallel,truncation,1,late,full_trace,aggregate,worker-1,5,3,0,0.3333333333333333
E3_attribution_observability,E2::evaluation-0099-sta::wrong_value::sev2::early::0::hierarchical,evaluation-0099-sta,hierarchical,wrong_value,2,early,output_only,worker-0,root,7,6,0,0.16666666666666666
E3_attribution_observability,E2::evaluation-0099-sta::wrong_value::sev2::early::0::hierarchical,evaluation-0099-sta,hierarchical,wrong_value,2,early,sparse_trace,worker-0,worker-0,7,1,1,1.0
E3_attribution_observability,E2::evaluation-0099-sta::wrong_value::sev2::early::0::hierarchical,evaluation-0099-sta,hierarchical,wrong_value,2,early,full_trace,worker-0,worker-0,7,1,1,1.0
E3_attribution_observability,E2::evaluation-0088-con::timeout::sev2::early::0::parallel,evaluation-0088-con,parallel,timeout,2,early,output_only,worker-0,aggregate,5,3,0,0.3333333333333333
E3_attribution_observability,E2::evaluation-0088-con::timeout::sev2::early::0::parallel,evaluation-0088-con,parallel,timeout,2,early,sparse_trace,worker-0,worker-0,5,1,1,1.0
E3_attribution_observability,E2::evaluation-0088-con::timeout::sev2::early::0::parallel,evaluation-0088-con,parallel,timeout,2,early,full_trace,worker-0,worker-0,5,1,1,1.0
E3_attribution_observability,E2::evaluation-0065-ari::wrong_value::sev2::early::1::single,evaluation-0065-ari,single,wrong_value,2,early,output_only,step-0,step-3,4,3,0,0.3333333333333333
E3_attribution_observability,E2::evaluation-0065-ari::wrong_value::sev2::early::1::single,evaluation-0065-ari,single,wrong_value,2,early,sparse_trace,step-0,step-0,4,1,1,1.0
E3_attribution_observability,E2::evaluation-0065-ari::wrong_value::sev2::early::1::single,evaluation-0065-ari,single,wrong_value,2,early,full_trace,step-0,step-0,4,1,1,1.0
E3_attribution_observability,E2::evaluation-0116-sha::truncation::sev1::late::0::sequential,evaluation-0116-sha,sequential,truncation,1,late,output_only,step-3,step-3,4,1,1,1.0
E3_attribution_observability,E2::evaluation-0116-sha::truncation::sev1::late::0::sequential,evaluation-0116-sha,sequential,truncation,1,late,sparse_trace,step-3,step-2,4,4,0,0.25
E3_attribution_observability,E2::evaluation-0116-sha::truncation::sev1::late::0::sequential,evaluation-0116-sha,sequential,truncation,1,late,full_trace,step-3,step-3,4,1,1,1.0
E3_attribution_observability,E2::evaluation-0096-sha::referential_drift::sev1::late::0::sequential,evaluation-0096-sha,sequential,referential_drift,1,late,output_only,step-3,step-3,4,1,1,1.0
E3_attribution_observability,E2::evaluation-0096-sha::referential_drift::sev1::late::0::sequential,evaluation-0096-sha,sequential,referential_drift,1,late,sparse_trace,step-3,step-0,4,3,0,0.3333333333333333
E3_attribution_observability,E2::evaluation-0096-sha::referential_drift::sev1::late::0::sequential,evaluation-0096-sha,sequential,referential_drift,1,late,full_trace,step-3,step-3,4,1,1,1.0
E3_attribution_observability,E2::evaluation-0081-sha::referential_drift::sev1::middle::0::single,evaluation-0081-sha,single,referential_drift,1,middle,output_only,step-2,step-3,4,3,0,0.3333333333333333
E3_attribution_observability,E2::evaluation-0081-sha::referential_drift::sev1::middle::0::single,evaluation-0081-sha,single,referential_drift,1,middle,sparse_trace,step-2,step-2,4,1,1,1.0
E3_attribution_observability,E2::evaluation-0081-sha::referential_drift::sev1::middle::0::single,evaluation-0081-sha,single,referential_drift,1,middle,full_trace,step-2,step-2,4,1,1,1.0
E3_attribution_observability,E2::evaluation-0119-sta::wrong_value::sev2::early::0::parallel,evaluation-0119-sta,parallel,wrong_value,2,early,output_only,worker-0,aggregate,5,5,0,0.2
E3_attribution_observability,E2::evaluation-0119-sta::wrong_value::sev2::early::0::parallel,evaluation-0119-sta,parallel,wrong_value,2,early,sparse_trace,worker-0,worker-0,5,1,1,1.0
E3_attribution_observability,E2::evaluation-0119-sta::wrong_value::sev2::early::0::parallel,evaluation-0119-sta,parallel,wrong_value,2,early,full_trace,worker-0,worker-0,5,1,1,1.0
E3_attribution_observability,E2::evaluation-0119-sta::truncation::sev1::early::1::hierarchical,evaluation-0119-sta,hierarchical,truncation,1,early,output_only,worker-0,root,7,3,0,0.3333333333333333
E3_attribution_observability,E2::evaluation-0119-sta::truncation::sev1::early::1::hierarchical,evaluation-0119-sta,hierarchical,truncation,1,early,sparse_trace,worker-0,worker-0,7,1,1,1.0
E3_attribution_observability,E2::evaluation-0119-sta::truncation::sev1::early::1::hierarchical,evaluation-0119-sta,hierarchical,truncation,1,early,full_trace,worker-0,worker-0,7,1,1,1.0
E3_attribution_observability,E2::evaluation-0100-ari::referential_drift::sev2::late::1::hierarchical,evaluation-0100-ari,hierarchical,referential_drift,2,late,output_only,root,root,7,1,1,1.0
E3_attribution_observability,E2::evaluation-0100-ari::referential_drift::sev2::late::1::hierarchical,evaluation-0100-ari,hierarchical,referential_drift,2,late,sparse_trace,root,root,7,1,1,1.0
E3_attribution_observability,E2::evaluation-0100-ari::referential_drift::sev2::late::1::hierarchical,evaluation-0100-ari,hierarchical,referential_drift,2,late,full_trace,root,root,7,1,1,1.0
E3_attribution_observability,E2::evaluation-0070-ari::timeout::sev1::early::0::sequential,evaluation-0070-ari,sequential,timeout,1,early,output_only,step-0,step-3,4,2,0,0.5
E3_attribution_observability,E2::evaluation-0070-ari::timeout::sev1::early::0::sequential,evaluation-0070-ari,sequential,timeout,1,early,sparse_trace,step-0,step-0,4,1,1,1.0
E3_attribution_observability,E2::evaluation-0070-ari::timeout::sev1::early::0::sequential,evaluation-0070-ari,sequential,timeout,1,early,full_trace,step-0,step-0,4,1,1,1.0
E3_attribution_observability,E2::evaluation-0116-sha::timeout::sev1::middle::0::single,evaluation-0116-sha,single,timeout,1,middle,output_only,step-2,step-3,4,4,0,0.25
E3_attribution_observability,E2::evaluation-0116-sha::timeout::sev1::middle::0::single,evaluation-0116-sha,single,timeout,1,middle,sparse_trace,step-2,step-2,4,1,1,1.0
E3_attribution_observability,E2::evaluation-0116-sha::timeout::sev1::middle::0::single,evaluation-0116-sha,single,timeout,1,middle,full_trace,step-2,step-2,4,1,1,1.0
E3_attribution_observability,E2::evaluation-0090-ari::truncation::sev2::early::0::hierarchical,evaluation-0090-ari,hierarchical,truncation,2,early,output_only,worker-0,root,7,2,0,0.5
E3_attribution_observability,E2::evaluation-0090-ari::truncation::sev2::early::0::hierarchical,evaluation-0090-ari,hierarchical,truncation,2,early,sparse_trace,worker-0,worker-0,7,1,1,1.0
E3_attribution_observability,E2::evaluation-0090-ari::truncation::sev2::early::0::hierarchical,evaluation-0090-ari,hierarchical,truncation,2,early,full_trace,worker-0,worker-0,7,1,1,1.0
E3_attribution_observability,E2::evaluation-0115-ari::timeout::sev2::early::0::hierarchical,evaluation-0115-ari,hierarchical,timeout,2,early,output_only,worker-0,root,7,6,0,0.16666666666666666
E3_attribution_observability,E2::evaluation-0115-ari::timeout::sev2::early::0::hierarchical,evaluation-0115-ari,hierarchical,timeout,2,early,sparse_trace,worker-0,worker-0,7,1,1,1.0
E3_attribution_observability,E2::evaluation-0115-ari::timeout::sev2::early::0::hierarchical,evaluation-0115-ari,hierarchical,timeout,2,early,full_trace,worker-0,worker-0,7,1,1,1.0
E3_attribution_observability,E2::evaluation-0075-ari::referential_drift::sev2::late::0::hierarchical,evaluation-0075-ari,hierarchical,referential_drift,2,late,output_only,root,worker-3,7,4,0,0.25
E3_attribution_observability,E2::evaluation-0075-ari::referential_drift::sev2::late::0::hierarchical,evaluation-0075-ari,hierarchical,referential_drift,2,late,sparse_trace,root,worker-2,7,3,0,0.3333333333333333
E3_attribution_observability,E2::evaluation-0075-ari::referential_drift::sev2::late::0::hierarchical,evaluation-0075-ari,hierarchical,referential_drift,2,late,full_trace,root,worker-2,7,6,0,0.16666666666666666
E3_attribution_observability,E2::evaluation-0119-sta::truncation::sev1::early::1::sequential,evaluation-0119-sta,sequential,truncation,1,early,output_only,step-0,step-3,4,2,0,0.5
E3_attribution_observability,E2::evaluation-0119-sta::truncation::sev1::early::1::sequential,evaluation-0119-sta,sequential,truncation,1,early,sparse_trace,step-0,step-0,4,1,1,1.0
E3_attribution_observability,E2::evaluation-0119-sta::truncation::sev1::early::1::sequential,evaluation-0119-sta,sequential,truncation,1,early,full_trace,step-0,step-0,4,1,1,1.0
E3_attribution_observability,E2::evaluation-0070-ari::wrong_value::sev1::late::0::parallel,evaluation-0070-ari,parallel,wrong_value,1,late,output_only,aggregate,aggregate,5,1,1,1.0
E3_attribution_observability,E2::evaluation-0070-ari::wrong_value::sev1::late::0::parallel,evaluation-0070-ari,parallel,wrong_value,1,late,sparse_trace,aggregate,worker-1,5,2,0,0.5
E3_attribution_observability,E2::evaluation-0070-ari::wrong_value::sev1::late::0::parallel,evaluation-0070-ari,parallel,wrong_value,1,late,full_trace,aggregate,worker-1,5,2,0,0.5
E3_attribution_observability,E2::evaluation-0101-sha::truncation::sev2::late::1::sequential,evaluation-0101-sha,sequential,truncation,2,late,output_only,step-3,step-3,4,1,1,1.0
E3_attribution_observability,E2::evaluation-0101-sha::truncation::sev2::late::1::sequential,evaluation-0101-sha,sequential,truncation,2,late,sparse_trace,step-3,step-2,4,2,0,0.5
E3_attribution_observability,E2::evaluation-0101-sha::truncation::sev2::late::1::sequential,evaluation-0101-sha,sequential,truncation,2,late,full_trace,step-3,step-1,4,3,0,0.3333333333333333
E3_attribution_observability,E2::evaluation-0078-con::referential_drift::sev2::early::0::hierarchical,evaluation-0078-con,hierarchical,referential_drift,2,early,output_only,worker-0,root,7,3,0,0.3333333333333333
E3_attribution_observability,E2::evaluation-0078-con::referential_drift::sev2::early::0::hierarchical,evaluation-0078-con,hierarchical,referential_drift,2,early,sparse_trace,worker-0,worker-0,7,1,1,1.0
E3_attribution_observability,E2::evaluation-0078-con::referential_drift::sev2::early::0::hierarchical,evaluation-0078-con,hierarchical,referential_drift,2,early,full_trace,worker-0,worker-0,7,1,1,1.0
E3_attribution_observability,E2::evaluation-0063-con::referential_drift::sev2::late::1::single,evaluation-0063-con,single,referential_drift,2,late,output_only,step-3,step-3,4,1,1,1.0
E3_attribution_observability,E2::evaluation-0063-con::referential_drift::sev2::late::1::single,evaluation-0063-con,single,referential_drift,2,late,sparse_trace,step-3,step-2,4,2,0,0.5
E3_attribution_observability,E2::evaluation-0063-con::referential_drift::sev2::late::1::single,evaluation-0063-con,single,referential_drift,2,late,full_trace,step-3,step-3,4,1,1,1.0
E3_attribution_observability,E2::evaluation-0091-sha::truncation::sev2::early::0::parallel,evaluation-0091-sha,parallel,truncation,2,early,output_only,worker-0,aggregate,5,5,0,0.2
E3_attribution_observability,E2::evaluation-0091-sha::truncation::sev2::early::0::parallel,evaluation-0091-sha,parallel,truncation,2,early,sparse_trace,worker-0,worker-0,5,1,1,1.0
E3_attribution_observability,E2::evaluation-0091-sha::truncation::sev2::early::0::parallel,evaluation-0091-sha,parallel,truncation,2,early,full_trace,worker-0,worker-0,5,1,1,1.0
E3_attribution_observability,E2::evaluation-0104-sta::truncation::sev2::early::0::hierarchical,evaluation-0104-sta,hierarchical,truncation,2,early,output_only,worker-0,root,7,2,0,0.5
E3_attribution_observability,E2::evaluation-0104-sta::truncation::sev2::early::0::hierarchical,evaluation-0104-sta,hierarchical,truncation,2,early,sparse_trace,worker-0,worker-0,7,1,1,1.0
E3_attribution_observability,E2::evaluation-0104-sta::truncation::sev2::early::0::hierarchical,evaluation-0104-sta,hierarchical,truncation,2,early,full_trace,worker-0,worker-0,7,1,1,1.0
E3_attribution_observability,E2::evaluation-0100-ari::referential_drift::sev1::late::1::parallel,evaluation-0100-ari,parallel,referential_drift,1,late,output_only,aggregate,aggregate,5,1,1,1.0
E3_attribution_observability,E2::evaluation-0100-ari::referential_drift::sev1::late::1::parallel,evaluation-0100-ari,parallel,referential_drift,1,late,sparse_trace,aggregate,aggregate,5,1,1,1.0
E3_attribution_observability,E2::evaluation-0100-ari::referential_drift::sev1::late::1::parallel,evaluation-0100-ari,parallel,referential_drift,1,late,full_trace,aggregate,aggregate,5,1,1,1.0
E3_attribution_observability,E2::evaluation-0098-con::referential_drift::sev2::middle::0::parallel,evaluation-0098-con,parallel,referential_drift,2,middle,output_only,worker-2,aggregate,5,5,0,0.2
E3_attribution_observability,E2::evaluation-0098-con::referential_drift::sev2::middle::0::parallel,evaluation-0098-con,parallel,referential_drift,2,middle,sparse_trace,worker-2,worker-2,5,1,1,1.0
E3_attribution_observability,E2::evaluation-0098-con::referential_drift::sev2::middle::0::parallel,evaluation-0098-con,parallel,referential_drift,2,middle,full_trace,worker-2,worker-2,5,1,1,1.0
E3_attribution_observability,E2::evaluation-0098-con::truncation::sev2::middle::0::sequential,evaluation-0098-con,sequential,truncation,2,middle,output_only,step-2,step-3,4,4,0,0.25
E3_attribution_observability,E2::evaluation-0098-con::truncation::sev2::middle::0::sequential,evaluation-0098-con,sequential,truncation,2,middle,sparse_trace,step-2,step-2,4,1,1,1.0
E3_attribution_observability,E2::evaluation-0098-con::truncation::sev2::middle::0::sequential,evaluation-0098-con,sequential,truncation,2,middle,full_trace,step-2,step-2,4,1,1,1.0
E3_attribution_observability,E2::evaluation-0094-sta::timeout::sev2::middle::0::sequential,evaluation-0094-sta,sequential,timeout,2,middle,output_only,step-2,step-3,4,3,0,0.3333333333333333
E3_attribution_observability,E2::evaluation-0094-sta::timeout::sev2::middle::0::sequential,evaluation-0094-sta,sequential,timeout,2,middle,sparse_trace,step-2,step-2,4,1,1,1.0
E3_attribution_observability,E2::evaluation-0094-sta::timeout::sev2::middle::0::sequential,evaluation-0094-sta,sequential,timeout,2,middle,full_trace,step-2,step-2,4,1,1,1.0
E3_attribution_observability,E2::evaluation-0112-evi::truncation::sev1::early::1::parallel,evaluation-0112-evi,parallel,truncation,1,early,output_only,worker-0,aggregate,5,4,0,0.25
E3_attribution_observability,E2::evaluation-0112-evi::truncation::sev1::early::1::parallel,evaluation-0112-evi,parallel,truncation,1,early,sparse_trace,worker-0,worker-0,5,1,1,1.0
E3_attribution_observability,E2::evaluation-0112-evi::truncation::sev1::early::1::parallel,evaluation-0112-evi,parallel,truncation,1,early,full_trace,worker-0,worker-0,5,1,1,1.0
E3_attribution_observability,E2::evaluation-0063-con::wrong_value::sev2::early::1::single,evaluation-0063-con,single,wrong_value,2,early,output_only,step-0,step-3,4,3,0,0.3333333333333333
E3_attribution_observability,E2::evaluation-0063-con::wrong_value::sev2::early::1::single,evaluation-0063-con,single,wrong_value,2,early,sparse_trace,step-0,step-0,4,1,1,1.0
E3_attribution_observability,E2::evaluation-0063-con::wrong_value::sev2::early::1::single,evaluation-0063-con,single,wrong_value,2,early,full_trace,step-0,step-0,4,1,1,1.0
E3_attribution_observability,E2::evaluation-0102-evi::truncation::sev2::middle::0::single,evaluation-0102-evi,single,truncation,2,middle,output_only,step-2,step-3,4,2,0,0.5
E3_attribution_observability,E2::evaluation-0102-evi::truncation::sev2::middle::0::single,evaluation-0102-evi,single,truncation,2,middle,sparse_trace,step-2,step-2,4,1,1,1.0
E3_attribution_observability,E2::evaluation-0102-evi::truncation::sev2::middle::0::single,evaluation-0102-evi,single,truncation,2,middle,full_trace,step-2,step-2,4,1,1,1.0
E3_attribution_observability,E2::evaluation-0069-sta::truncation::sev2::early::1::parallel,evaluation-0069-sta,parallel,truncation,2,early,output_only,worker-0,aggregate,5,3,0,0.3333333333333333
E3_attribution_observability,E2::evaluation-0069-sta::truncation::sev2::early::1::parallel,evaluation-0069-sta,parallel,truncation,2,early,sparse_trace,worker-0,worker-0,5,1,1,1.0
E3_attribution_observability,E2::evaluation-0069-sta::truncation::sev2::early::1::parallel,evaluation-0069-sta,parallel,truncation,2,early,full_trace,worker-0,worker-0,5,1,1,1.0
E3_attribution_observability,E2::evaluation-0082-evi::referential_drift::sev2::early::1::hierarchical,evaluation-0082-evi,hierarchical,referential_drift,2,early,output_only,worker-0,root,7,7,0,0.14285714285714285
E3_attribution_observability,E2::evaluation-0082-evi::referential_drift::sev2::early::1::hierarchical,evaluation-0082-evi,hierarchical,referential_drift,2,early,sparse_trace,worker-0,worker-0,7,1,1,1.0
E3_attribution_observability,E2::evaluation-0082-evi::referential_drift::sev2::early::1::hierarchical,evaluation-0082-evi,hierarchical,referential_drift,2,early,full_trace,worker-0,worker-0,7,1,1,1.0
E3_attribution_observability,E2::evaluation-0115-ari::truncation::sev1::late::0::parallel,evaluation-0115-ari,parallel,truncation,1,late,output_only,aggregate,aggregate,5,1,1,1.0
E3_attribution_observability,E2::evaluation-0115-ari::truncation::sev1::late::0::parallel,evaluation-0115-ari,parallel,truncation,1,late,sparse_trace,aggregate,worker-0,5,3,0,0.3333333333333333
E3_attribution_observability,E2::evaluation-0115-ari::truncation::sev1::late::0::parallel,evaluation-0115-ari,parallel,truncation,1,late,full_trace,aggregate,worker-0,5,3,0,0.3333333333333333
E3_attribution_observability,E2::evaluation-0083-con::wrong_value::sev2::early::0::hierarchical,evaluation-0083-con,hierarchical,wrong_value,2,early,output_only,worker-0,root,7,5,0,0.2
E3_attribution_observability,E2::evaluation-0083-con::wrong_value::sev2::early::0::hierarchical,evaluation-0083-con,hierarchical,wrong_value,2,early,sparse_trace,worker-0,worker-0,7,1,1,1.0
E3_attribution_observability,E2::evaluation-0083-con::wrong_value::sev2::early::0::hierarchical,evaluation-0083-con,hierarchical,wrong_value,2,early,full_trace,worker-0,worker-0,7,1,1,1.0
E3_attribution_observability,E2::evaluation-0112-evi::wrong_value::sev1::early::0::sequential,evaluation-0112-evi,sequential,wrong_value,1,early,output_only,step-0,step-3,4,4,0,0.25
E3_attribution_observability,E2::evaluation-0112-evi::wrong_value::sev1::early::0::sequential,evaluation-0112-evi,sequential,wrong_value,1,early,sparse_trace,step-0,step-0,4,1,1,1.0
E3_attribution_observability,E2::evaluation-0112-evi::wrong_value::sev1::early::0::sequential,evaluation-0112-evi,sequential,wrong_value,1,early,full_trace,step-0,step-0,4,1,1,1.0
E3_attribution_observability,E2::evaluation-0106-sha::wrong_value::sev2::late::1::hierarchical,evaluation-0106-sha,hierarchical,wrong_value,2,late,output_only,root,root,7,1,1,1.0
E3_attribution_observability,E2::evaluation-0106-sha::wrong_value::sev2::late::1::hierarchical,evaluation-0106-sha,hierarchical,wrong_value,2,late,sparse_trace,root,manager-0,7,2,0,0.5
E3_attribution_observability,E2::evaluation-0106-sha::wrong_value::sev2::late::1::hierarchical,evaluation-0106-sha,hierarchical,wrong_value,2,late,full_trace,root,manager-0,7,2,0,0.5
E3_attribution_observability,E2::evaluation-0075-ari::timeout::sev1::late::0::hierarchical,evaluation-0075-ari,hierarchical,timeout,1,late,output_only,root,root,7,1,1,1.0
E3_attribution_observability,E2::evaluation-0075-ari::timeout::sev1::late::0::hierarchical,evaluation-0075-ari,hierarchical,timeout,1,late,sparse_trace,root,root,7,1,1,1.0
E3_attribution_observability,E2::evaluation-0075-ari::timeout::sev1::late::0::hierarchical,evaluation-0075-ari,hierarchical,timeout,1,late,full_trace,root,root,7,1,1,1.0
E3_attribution_observability,E2::evaluation-0105-ari::timeout::sev2::late::0::single,evaluation-0105-ari,single,timeout,2,late,output_only,step-3,step-3,4,1,1,1.0
E3_attribution_observability,E2::evaluation-0105-ari::timeout::sev2::late::0::single,evaluation-0105-ari,single,timeout,2,late,sparse_trace,step-3,step-2,4,3,0,0.3333333333333333
E3_attribution_observability,E2::evaluation-0105-ari::timeout::sev2::late::0::single,evaluation-0105-ari,single,timeout,2,late,full_trace,step-3,step-3,4,1,1,1.0
E3_attribution_observability,E2::evaluation-0070-ari::truncation::sev1::late::1::hierarchical,evaluation-0070-ari,hierarchical,truncation,1,late,output_only,root,root,7,1,1,1.0
E3_attribution_observability,E2::evaluation-0070-ari::truncation::sev1::late::1::hierarchical,evaluation-0070-ari,hierarchical,truncation,1,late,sparse_trace,root,worker-1,7,3,0,0.3333333333333333
E3_attribution_observability,E2::evaluation-0070-ari::truncation::sev1::late::1::hierarchical,evaluation-0070-ari,hierarchical,truncation,1,late,full_trace,root,worker-1,7,3,0,0.3333333333333333
E3_attribution_observability,E2::evaluation-0061-sha::timeout::sev2::late::1::single,evaluation-0061-sha,single,timeout,2,late,output_only,step-3,step-3,4,1,1,1.0
E3_attribution_observability,E2::evaluation-0061-sha::timeout::sev2::late::1::single,evaluation-0061-sha,single,timeout,2,late,sparse_trace,step-3,step-0,4,2,0,0.5
E3_attribution_observability,E2::evaluation-0061-sha::timeout::sev2::late::1::single,evaluation-0061-sha,single,timeout,2,late,full_trace,step-3,step-3,4,1,1,1.0
E3_attribution_observability,E2::evaluation-0080-ari::wrong_value::sev2::late::1::single,evaluation-0080-ari,single,wrong_value,2,late,output_only,step-3,step-3,4,1,1,1.0
E3_attribution_observability,E2::evaluation-0080-ari::wrong_value::sev2::late::1::single,evaluation-0080-ari,single,wrong_value,2,late,sparse_trace,step-3,step-1,4,4,0,0.25
E3_attribution_observability,E2::evaluation-0080-ari::wrong_value::sev2::late::1::single,evaluation-0080-ari,single,wrong_value,2,late,full_trace,step-3,step-3,4,1,1,1.0
E3_attribution_observability,E2::evaluation-0076-sha::wrong_value::sev2::early::0::parallel,evaluation-0076-sha,parallel,wrong_value,2,early,output_only,worker-0,aggregate,5,3,0,0.3333333333333333
E3_attribution_observability,E2::evaluation-0076-sha::wrong_value::sev2::early::0::parallel,evaluation-0076-sha,parallel,wrong_value,2,early,sparse_trace,worker-0,worker-0,5,1,1,1.0
E3_attribution_observability,E2::evaluation-0076-sha::wrong_value::sev2::early::0::parallel,evaluation-0076-sha,parallel,wrong_value,2,early,full_trace,worker-0,worker-0,5,1,1,1.0
E3_attribution_observability,E2::evaluation-0075-ari::referential_drift::sev2::late::0::parallel,evaluation-0075-ari,parallel,referential_drift,2,late,output_only,aggregate,aggregate,5,1,1,1.0
E3_attribution_observability,E2::evaluation-0075-ari::referential_drift::sev2::late::0::parallel,evaluation-0075-ari,parallel,referential_drift,2,late,sparse_trace,aggregate,aggregate,5,1,1,1.0
E3_attribution_observability,E2::evaluation-0075-ari::referential_drift::sev2::late::0::parallel,evaluation-0075-ari,parallel,referential_drift,2,late,full_trace,aggregate,aggregate,5,1,1,1.0
E3_attribution_observability,E2::evaluation-0101-sha::truncation::sev1::middle::1::single,evaluation-0101-sha,single,truncation,1,middle,output_only,step-2,step-3,4,2,0,0.5
E3_attribution_observability,E2::evaluation-0101-sha::truncation::sev1::middle::1::single,evaluation-0101-sha,single,truncation,1,middle,sparse_trace,step-2,step-2,4,1,1,1.0
E3_attribution_observability,E2::evaluation-0101-sha::truncation::sev1::middle::1::single,evaluation-0101-sha,single,truncation,1,middle,full_trace,step-2,step-2,4,1,1,1.0
E3_attribution_observability,E2::evaluation-0116-sha::timeout::sev2::middle::0::parallel,evaluation-0116-sha,parallel,timeout,2,middle,output_only,worker-2,aggregate,5,5,0,0.2
E3_attribution_observability,E2::evaluation-0116-sha::timeout::sev2::middle::0::parallel,evaluation-0116-sha,parallel,timeout,2,middle,sparse_trace,worker-2,worker-2,5,1,1,1.0
E3_attribution_observability,E2::evaluation-0116-sha::timeout::sev2::middle::0::parallel,evaluation-0116-sha,parallel,timeout,2,middle,full_trace,worker-2,worker-2,5,1,1,1.0
E3_attribution_observability,E2::evaluation-0111-sha::wrong_value::sev2::early::1::parallel,evaluation-0111-sha,parallel,wrong_value,2,early,output_only,worker-0,aggregate,5,5,0,0.2
E3_attribution_observability,E2::evaluation-0111-sha::wrong_value::sev2::early::1::parallel,evaluation-0111-sha,parallel,wrong_value,2,early,sparse_trace,worker-0,worker-0,5,1,1,1.0
E3_attribution_observability,E2::evaluation-0111-sha::wrong_value::sev2::early::1::parallel,evaluation-0111-sha,parallel,wrong_value,2,early,full_trace,worker-0,worker-0,5,1,1,1.0
E3_attribution_observability,E2::evaluation-0097-evi::truncation::sev2::middle::1::hierarchical,evaluation-0097-evi,hierarchical,truncation,2,middle,output_only,manager-0,root,7,6,0,0.16666666666666666
E3_attribution_observability,E2::evaluation-0097-evi::truncation::sev2::middle::1::hierarchical,evaluation-0097-evi,hierarchical,truncation,2,middle,sparse_trace,manager-0,manager-0,7,1,1,1.0
E3_attribution_observability,E2::evaluation-0097-evi::truncation::sev2::middle::1::hierarchical,evaluation-0097-evi,hierarchical,truncation,2,middle,full_trace,manager-0,manager-0,7,1,1,1.0
E3_attribution_observability,E2::evaluation-0070-ari::truncation::sev2::middle::0::single,evaluation-0070-ari,single,truncation,2,middle,output_only,step-2,step-3,4,3,0,0.3333333333333333
E3_attribution_observability,E2::evaluation-0070-ari::truncation::sev2::middle::0::single,evaluation-0070-ari,single,truncation,2,middle,sparse_trace,step-2,step-2,4,1,1,1.0
E3_attribution_observability,E2::evaluation-0070-ari::truncation::sev2::middle::0::single,evaluation-0070-ari,single,truncation,2,middle,full_trace,step-2,step-2,4,1,1,1.0
E3_attribution_observability,E2::evaluation-0066-sha::wrong_value::sev2::early::1::sequential,evaluation-0066-sha,sequential,wrong_value,2,early,output_only,step-0,step-3,4,3,0,0.3333333333333333
E3_attribution_observability,E2::evaluation-0066-sha::wrong_value::sev2::early::1::sequential,evaluation-0066-sha,sequential,wrong_value,2,early,sparse_trace,step-0,step-0,4,1,1,1.0
E3_attribution_observability,E2::evaluation-0066-sha::wrong_value::sev2::early::1::sequential,evaluation-0066-sha,sequential,wrong_value,2,early,full_trace,step-0,step-0,4,1,1,1.0
E3_attribution_observability,E2::evaluation-0095-ari::referential_drift::sev2::middle::1::sequential,evaluation-0095-ari,sequential,referential_drift,2,middle,output_only,step-2,step-0,4,3,0,0.3333333333333333
E3_attribution_observability,E2::evaluation-0095-ari::referential_drift::sev2::middle::1::sequential,evaluation-0095-ari,sequential,referential_drift,2,middle,sparse_trace,step-2,step-1,4,2,0,0.5
E3_attribution_observability,E2::evaluation-0095-ari::referential_drift::sev2::middle::1::sequential,evaluation-0095-ari,sequential,referential_drift,2,middle,full_trace,step-2,step-0,4,4,0,0.25
E3_attribution_observability,E2::evaluation-0071-sha::referential_drift::sev2::late::0::hierarchical,evaluation-0071-sha,hierarchical,referential_drift,2,late,output_only,root,manager-0,7,7,0,0.14285714285714285
E3_attribution_observability,E2::evaluation-0071-sha::referential_drift::sev2::late::0::hierarchical,evaluation-0071-sha,hierarchical,referential_drift,2,late,sparse_trace,root,worker-1,7,4,0,0.25
E3_attribution_observability,E2::evaluation-0071-sha::referential_drift::sev2::late::0::hierarchical,evaluation-0071-sha,hierarchical,referential_drift,2,late,full_trace,root,worker-1,7,3,0,0.3333333333333333
E3_attribution_observability,E2::evaluation-0097-evi::referential_drift::sev2::middle::1::single,evaluation-0097-evi,single,referential_drift,2,middle,output_only,step-2,step-3,4,3,0,0.3333333333333333
E3_attribution_observability,E2::evaluation-0097-evi::referential_drift::sev2::middle::1::single,evaluation-0097-evi,single,referential_drift,2,middle,sparse_trace,step-2,step-2,4,1,1,1.0
E3_attribution_observability,E2::evaluation-0097-evi::referential_drift::sev2::middle::1::single,evaluation-0097-evi,single,referential_drift,2,middle,full_trace,step-2,step-2,4,1,1,1.0
E3_attribution_observability,E2::evaluation-0064-sta::truncation::sev2::late::0::sequential,evaluation-0064-sta,sequential,truncation,2,late,output_only,step-3,step-3,4,1,1,1.0
E3_attribution_observability,E2::evaluation-0064-sta::truncation::sev2::late::0::sequential,evaluation-0064-sta,sequential,truncation,2,late,sparse_trace,step-3,step-1,4,3,0,0.3333333333333333
E3_attribution_observability,E2::evaluation-0064-sta::truncation::sev2::late::0::sequential,evaluation-0064-sta,sequential,truncation,2,late,full_trace,step-3,step-3,4,1,1,1.0
E3_attribution_observability,E2::evaluation-0116-sha::referential_drift::sev1::middle::1::parallel,evaluation-0116-sha,parallel,referential_drift,1,middle,output_only,worker-2,aggregate,5,3,0,0.3333333333333333
E3_attribution_observability,E2::evaluation-0116-sha::referential_drift::sev1::middle::1::parallel,evaluation-0116-sha,parallel,referential_drift,1,middle,sparse_trace,worker-2,worker-2,5,1,1,1.0
E3_attribution_observability,E2::evaluation-0116-sha::referential_drift::sev1::middle::1::parallel,evaluation-0116-sha,parallel,referential_drift,1,middle,full_trace,worker-2,worker-2,5,1,1,1.0
E3_attribution_observability,E2::evaluation-0119-sta::truncation::sev1::early::0::parallel,evaluation-0119-sta,parallel,truncation,1,early,output_only,worker-0,aggregate,5,5,0,0.2
E3_attribution_observability,E2::evaluation-0119-sta::truncation::sev1::early::0::parallel,evaluation-0119-sta,parallel,truncation,1,early,sparse_trace,worker-0,worker-0,5,1,1,1.0
E3_attribution_observability,E2::evaluation-0119-sta::truncation::sev1::early::0::parallel,evaluation-0119-sta,parallel,truncation,1,early,full_trace,worker-0,worker-0,5,1,1,1.0
E3_attribution_observability,E2::evaluation-0079-sta::referential_drift::sev2::early::1::hierarchical,evaluation-0079-sta,hierarchical,referential_drift,2,early,output_only,worker-0,root,7,6,0,0.16666666666666666
E3_attribution_observability,E2::evaluation-0079-sta::referential_drift::sev2::early::1::hierarchical,evaluation-0079-sta,hierarchical,referential_drift,2,early,sparse_trace,worker-0,worker-0,7,1,1,1.0
E3_attribution_observability,E2::evaluation-0079-sta::referential_drift::sev2::early::1::hierarchical,evaluation-0079-sta,hierarchical,referential_drift,2,early,full_trace,worker-0,worker-0,7,1,1,1.0
E3_attribution_observability,E2::evaluation-0115-ari::truncation::sev2::late::0::sequential,evaluation-0115-ari,sequential,truncation,2,late,output_only,step-3,step-3,4,1,1,1.0
E3_attribution_observability,E2::evaluation-0115-ari::truncation::sev2::late::0::sequential,evaluation-0115-ari,sequential,truncation,2,late,sparse_trace,step-3,step-2,4,2,0,0.5
E3_attribution_observability,E2::evaluation-0115-ari::truncation::sev2::late::0::sequential,evaluation-0115-ari,sequential,truncation,2,late,full_trace,step-3,step-3,4,1,1,1.0
E3_attribution_observability,E2::evaluation-0115-ari::wrong_value::sev1::early::0::sequential,evaluation-0115-ari,sequential,wrong_value,1,early,output_only,step-0,step-3,4,3,0,0.3333333333333333
E3_attribution_observability,E2::evaluation-0115-ari::wrong_value::sev1::early::0::sequential,evaluation-0115-ari,sequential,wrong_value,1,early,sparse_trace,step-0,step-0,4,1,1,1.0
E3_attribution_observability,E2::evaluation-0115-ari::wrong_value::sev1::early::0::sequential,evaluation-0115-ari,sequential,wrong_value,1,early,full_trace,step-0,step-0,4,1,1,1.0
E3_attribution_observability,E2::evaluation-0110-ari::wrong_value::sev1::middle::1::parallel,evaluation-0110-ari,parallel,wrong_value,1,middle,output_only,worker-2,aggregate,5,5,0,0.2
E3_attribution_observability,E2::evaluation-0110-ari::wrong_value::sev1::middle::1::parallel,evaluation-0110-ari,parallel,wrong_value,1,middle,sparse_trace,worker-2,worker-2,5,1,1,1.0
E3_attribution_observability,E2::evaluation-0110-ari::wrong_value::sev1::middle::1::parallel,evaluation-0110-ari,parallel,wrong_value,1,middle,full_trace,worker-2,worker-2,5,1,1,1.0
E3_attribution_observability,E2::evaluation-0079-sta::truncation::sev1::late::0::single,evaluation-0079-sta,single,truncation,1,late,output_only,step-3,step-3,4,1,1,1.0
E3_attribution_observability,E2::evaluation-0079-sta::truncation::sev1::late::0::single,evaluation-0079-sta,single,truncation,1,late,sparse_trace,step-3,step-1,4,3,0,0.3333333333333333
E3_attribution_observability,E2::evaluation-0079-sta::truncation::sev1::late::0::single,evaluation-0079-sta,single,truncation,1,late,full_trace,step-3,step-3,4,1,1,1.0
E3_attribution_observability,E2::evaluation-0106-sha::truncation::sev1::middle::1::sequential,evaluation-0106-sha,sequential,truncation,1,middle,output_only,step-2,step-3,4,3,0,0.3333333333333333
E3_attribution_observability,E2::evaluation-0106-sha::truncation::sev1::middle::1::sequential,evaluation-0106-sha,sequential,truncation,1,middle,sparse_trace,step-2,step-2,4,1,1,1.0
E3_attribution_observability,E2::evaluation-0106-sha::truncation::sev1::middle::1::sequential,evaluation-0106-sha,sequential,truncation,1,middle,full_trace,step-2,step-2,4,1,1,1.0
E3_attribution_observability,E2::evaluation-0090-ari::timeout::sev1::middle::0::single,evaluation-0090-ari,single,timeout,1,middle,output_only,step-2,step-3,4,4,0,0.25
E3_attribution_observability,E2::evaluation-0090-ari::timeout::sev1::middle::0::single,evaluation-0090-ari,single,timeout,1,middle,sparse_trace,step-2,step-2,4,1,1,1.0
E3_attribution_observability,E2::evaluation-0090-ari::timeout::sev1::middle::0::single,evaluation-0090-ari,single,timeout,1,middle,full_trace,step-2,step-2,4,1,1,1.0
E3_attribution_observability,E2::evaluation-0097-evi::wrong_value::sev2::early::0::single,evaluation-0097-evi,single,wrong_value,2,early,output_only,step-0,step-3,4,4,0,0.25
E3_attribution_observability,E2::evaluation-0097-evi::wrong_value::sev2::early::0::single,evaluation-0097-evi,single,wrong_value,2,early,sparse_trace,step-0,step-0,4,1,1,1.0
E3_attribution_observability,E2::evaluation-0097-evi::wrong_value::sev2::early::0::single,evaluation-0097-evi,single,wrong_value,2,early,full_trace,step-0,step-0,4,1,1,1.0
E3_attribution_observability,E2::evaluation-0083-con::timeout::sev1::late::1::single,evaluation-0083-con,single,timeout,1,late,output_only,step-3,step-3,4,1,1,1.0
E3_attribution_observability,E2::evaluation-0083-con::timeout::sev1::late::1::single,evaluation-0083-con,single,timeout,1,late,sparse_trace,step-3,step-2,4,4,0,0.25
E3_attribution_observability,E2::evaluation-0083-con::timeout::sev1::late::1::single,evaluation-0083-con,single,timeout,1,late,full_trace,step-3,step-3,4,1,1,1.0
E3_attribution_observability,E2::evaluation-0085-ari::wrong_value::sev2::middle::1::sequential,evaluation-0085-ari,sequential,wrong_value,2,middle,output_only,step-2,step-3,4,2,0,0.5
E3_attribution_observability,E2::evaluation-0085-ari::wrong_value::sev2::middle::1::sequential,evaluation-0085-ari,sequential,wrong_value,2,middle,sparse_trace,step-2,step-2,4,1,1,1.0
E3_attribution_observability,E2::evaluation-0085-ari::wrong_value::sev2::middle::1::sequential,evaluation-0085-ari,sequential,wrong_value,2,middle,full_trace,step-2,step-2,4,1,1,1.0
E3_attribution_observability,E2::evaluation-0098-con::wrong_value::sev2::early::1::hierarchical,evaluation-0098-con,hierarchical,wrong_value,2,early,output_only,worker-0,root,7,5,0,0.2
E3_attribution_observability,E2::evaluation-0098-con::wrong_value::sev2::early::1::hierarchical,evaluation-0098-con,hierarchical,wrong_value,2,early,sparse_trace,worker-0,worker-0,7,1,1,1.0
E3_attribution_observability,E2::evaluation-0098-con::wrong_value::sev2::early::1::hierarchical,evaluation-0098-con,hierarchical,wrong_value,2,early,full_trace,worker-0,worker-0,7,1,1,1.0
E3_attribution_observability,E2::evaluation-0064-sta::truncation::sev1::middle::0::single,evaluation-0064-sta,single,truncation,1,middle,output_only,step-2,step-3,4,4,0,0.25
E3_attribution_observability,E2::evaluation-0064-sta::truncation::sev1::middle::0::single,evaluation-0064-sta,single,truncation,1,middle,sparse_trace,step-2,step-2,4,1,1,1.0
E3_attribution_observability,E2::evaluation-0064-sta::truncation::sev1::middle::0::single,evaluation-0064-sta,single,truncation,1,middle,full_trace,step-2,step-2,4,1,1,1.0
E3_attribution_observability,E2::evaluation-0074-sta::wrong_value::sev2::middle::0::sequential,evaluation-0074-sta,sequential,wrong_value,2,middle,output_only,step-2,step-3,4,3,0,0.3333333333333333
E3_attribution_observability,E2::evaluation-0074-sta::wrong_value::sev2::middle::0::sequential,evaluation-0074-sta,sequential,wrong_value,2,middle,sparse_trace,step-2,step-2,4,1,1,1.0
E3_attribution_observability,E2::evaluation-0074-sta::wrong_value::sev2::middle::0::sequential,evaluation-0074-sta,sequential,wrong_value,2,middle,full_trace,step-2,step-2,4,1,1,1.0
E3_attribution_observability,E2::evaluation-0117-evi::timeout::sev1::late::1::parallel,evaluation-0117-evi,parallel,timeout,1,late,output_only,aggregate,aggregate,5,1,1,1.0
E3_attribution_observability,E2::evaluation-0117-evi::timeout::sev1::late::1::parallel,evaluation-0117-evi,parallel,timeout,1,late,sparse_trace,aggregate,aggregate,5,1,1,1.0
E3_attribution_observability,E2::evaluation-0117-evi::timeout::sev1::late::1::parallel,evaluation-0117-evi,parallel,timeout,1,late,full_trace,aggregate,aggregate,5,1,1,1.0
E3_attribution_observability,E2::evaluation-0081-sha::wrong_value::sev2::early::0::parallel,evaluation-0081-sha,parallel,wrong_value,2,early,output_only,worker-0,aggregate,5,3,0,0.3333333333333333
E3_attribution_observability,E2::evaluation-0081-sha::wrong_value::sev2::early::0::parallel,evaluation-0081-sha,parallel,wrong_value,2,early,sparse_trace,worker-0,worker-0,5,1,1,1.0
E3_attribution_observability,E2::evaluation-0081-sha::wrong_value::sev2::early::0::parallel,evaluation-0081-sha,parallel,wrong_value,2,early,full_trace,worker-0,worker-0,5,1,1,1.0
E3_attribution_observability,E2::evaluation-0107-evi::timeout::sev1::early::1::hierarchical,evaluation-0107-evi,hierarchical,timeout,1,early,output_only,worker-0,root,7,6,0,0.16666666666666666
E3_attribution_observability,E2::evaluation-0107-evi::timeout::sev1::early::1::hierarchical,evaluation-0107-evi,hierarchical,timeout,1,early,sparse_trace,worker-0,worker-0,7,1,1,1.0
E3_attribution_observability,E2::evaluation-0107-evi::timeout::sev1::early::1::hierarchical,evaluation-0107-evi,hierarchical,timeout,1,early,full_trace,worker-0,worker-0,7,1,1,1.0
E3_attribution_observability,E2::evaluation-0086-sha::referential_drift::sev2::late::1::single,evaluation-0086-sha,single,referential_drift,2,late,output_only,step-3,step-3,4,1,1,1.0
E3_attribution_observability,E2::evaluation-0086-sha::referential_drift::sev2::late::1::single,evaluation-0086-sha,single,referential_drift,2,late,sparse_trace,step-3,step-1,4,4,0,0.25
E3_attribution_observability,E2::evaluation-0086-sha::referential_drift::sev2::late::1::single,evaluation-0086-sha,single,referential_drift,2,late,full_trace,step-3,step-3,4,1,1,1.0
E3_attribution_observability,E2::evaluation-0117-evi::referential_drift::sev2::early::1::single,evaluation-0117-evi,single,referential_drift,2,early,output_only,step-0,step-3,4,4,0,0.25
E3_attribution_observability,E2::evaluation-0117-evi::referential_drift::sev2::early::1::single,evaluation-0117-evi,single,referential_drift,2,early,sparse_trace,step-0,step-0,4,1,1,1.0
E3_attribution_observability,E2::evaluation-0117-evi::referential_drift::sev2::early::1::single,evaluation-0117-evi,single,referential_drift,2,early,full_trace,step-0,step-0,4,1,1,1.0
E3_attribution_observability,E2::evaluation-0089-sta::wrong_value::sev2::late::1::sequential,evaluation-0089-sta,sequential,wrong_value,2,late,output_only,step-3,step-3,4,1,1,1.0
E3_attribution_observability,E2::evaluation-0089-sta::wrong_value::sev2::late::1::sequential,evaluation-0089-sta,sequential,wrong_value,2,late,sparse_trace,step-3,step-2,4,3,0,0.3333333333333333
E3_attribution_observability,E2::evaluation-0089-sta::wrong_value::sev2::late::1::sequential,evaluation-0089-sta,sequential,wrong_value,2,late,full_trace,step-3,step-1,4,3,0,0.3333333333333333
E3_attribution_observability,E2::evaluation-0084-sta::wrong_value::sev2::early::1::parallel,evaluation-0084-sta,parallel,wrong_value,2,early,output_only,worker-0,aggregate,5,4,0,0.25
E3_attribution_observability,E2::evaluation-0084-sta::wrong_value::sev2::early::1::parallel,evaluation-0084-sta,parallel,wrong_value,2,early,sparse_trace,worker-0,worker-0,5,1,1,1.0
E3_attribution_observability,E2::evaluation-0084-sta::wrong_value::sev2::early::1::parallel,evaluation-0084-sta,parallel,wrong_value,2,early,full_trace,worker-0,worker-0,5,1,1,1.0
E3_attribution_observability,E2::evaluation-0082-evi::truncation::sev1::late::1::parallel,evaluation-0082-evi,parallel,truncation,1,late,output_only,aggregate,aggregate,5,1,1,1.0
E3_attribution_observability,E2::evaluation-0082-evi::truncation::sev1::late::1::parallel,evaluation-0082-evi,parallel,truncation,1,late,sparse_trace,aggregate,aggregate,5,1,1,1.0
E3_attribution_observability,E2::evaluation-0082-evi::truncation::sev1::late::1::parallel,evaluation-0082-evi,parallel,truncation,1,late,full_trace,aggregate,aggregate,5,1,1,1.0
E3_attribution_observability,E2::evaluation-0095-ari::referential_drift::sev1::late::1::sequential,evaluation-0095-ari,sequential,referential_drift,1,late,output_only,step-3,step-3,4,1,1,1.0
E3_attribution_observability,E2::evaluation-0095-ari::referential_drift::sev1::late::1::sequential,evaluation-0095-ari,sequential,referential_drift,1,late,sparse_trace,step-3,step-0,4,3,0,0.3333333333333333
E3_attribution_observability,E2::evaluation-0095-ari::referential_drift::sev1::late::1::sequential,evaluation-0095-ari,sequential,referential_drift,1,late,full_trace,step-3,step-3,4,1,1,1.0
E3_attribution_observability,E2::evaluation-0099-sta::truncation::sev1::early::0::sequential,evaluation-0099-sta,sequential,truncation,1,early,output_only,step-0,step-3,4,3,0,0.3333333333333333
E3_attribution_observability,E2::evaluation-0099-sta::truncation::sev1::early::0::sequential,evaluation-0099-sta,sequential,truncation,1,early,sparse_trace,step-0,step-0,4,1,1,1.0
E3_attribution_observability,E2::evaluation-0099-sta::truncation::sev1::early::0::sequential,evaluation-0099-sta,sequential,truncation,1,early,full_trace,step-0,step-0,4,1,1,1.0
E3_attribution_observability,E2::evaluation-0092-evi::truncation::sev2::late::0::parallel,evaluation-0092-evi,parallel,truncation,2,late,output_only,aggregate,aggregate,5,1,1,1.0
E3_attribution_observability,E2::evaluation-0092-evi::truncation::sev2::late::0::parallel,evaluation-0092-evi,parallel,truncation,2,late,sparse_trace,aggregate,worker-3,5,2,0,0.5
E3_attribution_observability,E2::evaluation-0092-evi::truncation::sev2::late::0::parallel,evaluation-0092-evi,parallel,truncation,2,late,full_trace,aggregate,worker-3,5,2,0,0.5
E3_attribution_observability,E2::evaluation-0106-sha::wrong_value::sev2::middle::1::sequential,evaluation-0106-sha,sequential,wrong_value,2,middle,output_only,step-2,step-3,4,4,0,0.25
E3_attribution_observability,E2::evaluation-0106-sha::wrong_value::sev2::middle::1::sequential,evaluation-0106-sha,sequential,wrong_value,2,middle,sparse_trace,step-2,step-2,4,1,1,1.0
E3_attribution_observability,E2::evaluation-0106-sha::wrong_value::sev2::middle::1::sequential,evaluation-0106-sha,sequential,wrong_value,2,middle,full_trace,step-2,step-2,4,1,1,1.0
E3_attribution_observability,E2::evaluation-0111-sha::truncation::sev2::early::0::parallel,evaluation-0111-sha,parallel,truncation,2,early,output_only,worker-0,aggregate,5,4,0,0.25
E3_attribution_observability,E2::evaluation-0111-sha::truncation::sev2::early::0::parallel,evaluation-0111-sha,parallel,truncation,2,early,sparse_trace,worker-0,worker-0,5,1,1,1.0
E3_attribution_observability,E2::evaluation-0111-sha::truncation::sev2::early::0::parallel,evaluation-0111-sha,parallel,truncation,2,early,full_trace,worker-0,worker-0,5,1,1,1.0
E3_attribution_observability,E2::evaluation-0062-evi::truncation::sev2::middle::0::hierarchical,evaluation-0062-evi,hierarchical,truncation,2,middle,output_only,manager-0,root,7,2,0,0.5
E3_attribution_observability,E2::evaluation-0062-evi::truncation::sev2::middle::0::hierarchical,evaluation-0062-evi,hierarchical,truncation,2,middle,sparse_trace,manager-0,manager-0,7,1,1,1.0
E3_attribution_observability,E2::evaluation-0062-evi::truncation::sev2::middle::0::hierarchical,evaluation-0062-evi,hierarchical,truncation,2,middle,full_trace,manager-0,manager-0,7,1,1,1.0
E3_attribution_observability,E2::evaluation-0098-con::truncation::sev1::late::0::sequential,evaluation-0098-con,sequential,truncation,1,late,output_only,step-3,step-3,4,1,1,1.0
E3_attribution_observability,E2::evaluation-0098-con::truncation::sev1::late::0::sequential,evaluation-0098-con,sequential,truncation,1,late,sparse_trace,step-3,step-3,4,1,1,1.0
E3_attribution_observability,E2::evaluation-0098-con::truncation::sev1::late::0::sequential,evaluation-0098-con,sequential,truncation,1,late,full_trace,step-3,step-3,4,1,1,1.0
E3_attribution_observability,E2::evaluation-0113-con::referential_drift::sev2::late::1::sequential,evaluation-0113-con,sequential,referential_drift,2,late,output_only,step-3,step-3,4,1,1,1.0
E3_attribution_observability,E2::evaluation-0113-con::referential_drift::sev2::late::1::sequential,evaluation-0113-con,sequential,referential_drift,2,late,sparse_trace,step-3,step-0,4,3,0,0.3333333333333333
E3_attribution_observability,E2::evaluation-0113-con::referential_drift::sev2::late::1::sequential,evaluation-0113-con,sequential,referential_drift,2,late,full_trace,step-3,step-3,4,1,1,1.0
E3_attribution_observability,E2::evaluation-0064-sta::timeout::sev2::late::1::parallel,evaluation-0064-sta,parallel,timeout,2,late,output_only,aggregate,aggregate,5,1,1,1.0
E3_attribution_observability,E2::evaluation-0064-sta::timeout::sev2::late::1::parallel,evaluation-0064-sta,parallel,timeout,2,late,sparse_trace,aggregate,aggregate,5,1,1,1.0
E3_attribution_observability,E2::evaluation-0064-sta::timeout::sev2::late::1::parallel,evaluation-0064-sta,parallel,timeout,2,late,full_trace,aggregate,aggregate,5,1,1,1.0
E3_attribution_observability,E2::evaluation-0110-ari::timeout::sev1::late::0::sequential,evaluation-0110-ari,sequential,timeout,1,late,output_only,step-3,step-3,4,1,1,1.0
E3_attribution_observability,E2::evaluation-0110-ari::timeout::sev1::late::0::sequential,evaluation-0110-ari,sequential,timeout,1,late,sparse_trace,step-3,step-3,4,1,1,1.0
E3_attribution_observability,E2::evaluation-0110-ari::timeout::sev1::late::0::sequential,evaluation-0110-ari,sequential,timeout,1,late,full_trace,step-3,step-3,4,1,1,1.0
E3_attribution_observability,E2::evaluation-0105-ari::wrong_value::sev1::late::1::single,evaluation-0105-ari,single,wrong_value,1,late,output_only,step-3,step-3,4,1,1,1.0
E3_attribution_observability,E2::evaluation-0105-ari::wrong_value::sev1::late::1::single,evaluation-0105-ari,single,wrong_value,1,late,sparse_trace,step-3,step-0,4,2,0,0.5
E3_attribution_observability,E2::evaluation-0105-ari::wrong_value::sev1::late::1::single,evaluation-0105-ari,single,wrong_value,1,late,full_trace,step-3,step-3,4,1,1,1.0
E3_attribution_observability,E2::evaluation-0119-sta::wrong_value::sev1::late::1::sequential,evaluation-0119-sta,sequential,wrong_value,1,late,output_only,step-3,step-3,4,1,1,1.0
E3_attribution_observability,E2::evaluation-0119-sta::wrong_value::sev1::late::1::sequential,evaluation-0119-sta,sequential,wrong_value,1,late,sparse_trace,step-3,step-0,4,2,0,0.5
E3_attribution_observability,E2::evaluation-0119-sta::wrong_value::sev1::late::1::sequential,evaluation-0119-sta,sequential,wrong_value,1,late,full_trace,step-3,step-3,4,1,1,1.0
E3_attribution_observability,E2::evaluation-0112-evi::timeout::sev1::early::0::parallel,evaluation-0112-evi,parallel,timeout,1,early,output_only,worker-0,aggregate,5,5,0,0.2
E3_attribution_observability,E2::evaluation-0112-evi::timeout::sev1::early::0::parallel,evaluation-0112-evi,parallel,timeout,1,early,sparse_trace,worker-0,worker-0,5,1,1,1.0
E3_attribution_observability,E2::evaluation-0112-evi::timeout::sev1::early::0::parallel,evaluation-0112-evi,parallel,timeout,1,early,full_trace,worker-0,worker-0,5,1,1,1.0
E3_attribution_observability,E2::evaluation-0083-con::wrong_value::sev1::late::0::sequential,evaluation-0083-con,sequential,wrong_value,1,late,output_only,step-3,step-3,4,1,1,1.0
E3_attribution_observability,E2::evaluation-0083-con::wrong_value::sev1::late::0::sequential,evaluation-0083-con,sequential,wrong_value,1,late,sparse_trace,step-3,step-1,4,3,0,0.3333333333333333
E3_attribution_observability,E2::evaluation-0083-con::wrong_value::sev1::late::0::sequential,evaluation-0083-con,sequential,wrong_value,1,late,full_trace,step-3,step-3,4,1,1,1.0
E3_attribution_observability,E2::evaluation-0097-evi::wrong_value::sev2::late::0::parallel,evaluation-0097-evi,parallel,wrong_value,2,late,output_only,aggregate,aggregate,5,1,1,1.0
E3_attribution_observability,E2::evaluation-0097-evi::wrong_value::sev2::late::0::parallel,evaluation-0097-evi,parallel,wrong_value,2,late,sparse_trace,aggregate,aggregate,5,1,1,1.0
E3_attribution_observability,E2::evaluation-0097-evi::wrong_value::sev2::late::0::parallel,evaluation-0097-evi,parallel,wrong_value,2,late,full_trace,aggregate,aggregate,5,1,1,1.0
E3_attribution_observability,E2::evaluation-0118-con::referential_drift::sev2::late::1::sequential,evaluation-0118-con,sequential,referential_drift,2,late,output_only,step-3,step-3,4,1,1,1.0
E3_attribution_observability,E2::evaluation-0118-con::referential_drift::sev2::late::1::sequential,evaluation-0118-con,sequential,referential_drift,2,late,sparse_trace,step-3,step-0,4,3,0,0.3333333333333333
E3_attribution_observability,E2::evaluation-0118-con::referential_drift::sev2::late::1::sequential,evaluation-0118-con,sequential,referential_drift,2,late,full_trace,step-3,step-0,4,4,0,0.25
E3_attribution_observability,E2::evaluation-0119-sta::truncation::sev1::early::1::single,evaluation-0119-sta,single,truncation,1,early,output_only,step-0,step-3,4,2,0,0.5
E3_attribution_observability,E2::evaluation-0119-sta::truncation::sev1::early::1::single,evaluation-0119-sta,single,truncation,1,early,sparse_trace,step-0,step-0,4,1,1,1.0
E3_attribution_observability,E2::evaluation-0119-sta::truncation::sev1::early::1::single,evaluation-0119-sta,single,truncation,1,early,full_trace,step-0,step-0,4,1,1,1.0
E3_attribution_observability,E2::evaluation-0081-sha::referential_drift::sev1::late::0::parallel,evaluation-0081-sha,parallel,referential_drift,1,late,output_only,aggregate,aggregate,5,1,1,1.0
E3_attribution_observability,E2::evaluation-0081-sha::referential_drift::sev1::late::0::parallel,evaluation-0081-sha,parallel,referential_drift,1,late,sparse_trace,aggregate,worker-0,5,2,0,0.5
E3_attribution_observability,E2::evaluation-0081-sha::referential_drift::sev1::late::0::parallel,evaluation-0081-sha,parallel,referential_drift,1,late,full_trace,aggregate,worker-0,5,2,0,0.5
E3_attribution_observability,E2::evaluation-0072-evi::referential_drift::sev1::early::0::single,evaluation-0072-evi,single,referential_drift,1,early,output_only,step-0,step-3,4,3,0,0.3333333333333333
E3_attribution_observability,E2::evaluation-0072-evi::referential_drift::sev1::early::0::single,evaluation-0072-evi,single,referential_drift,1,early,sparse_trace,step-0,step-0,4,1,1,1.0
E3_attribution_observability,E2::evaluation-0072-evi::referential_drift::sev1::early::0::single,evaluation-0072-evi,single,referential_drift,1,early,full_trace,step-0,step-0,4,1,1,1.0
E3_attribution_observability,E2::evaluation-0096-sha::referential_drift::sev2::late::1::parallel,evaluation-0096-sha,parallel,referential_drift,2,late,output_only,aggregate,aggregate,5,1,1,1.0
E3_attribution_observability,E2::evaluation-0096-sha::referential_drift::sev2::late::1::parallel,evaluation-0096-sha,parallel,referential_drift,2,late,sparse_trace,aggregate,aggregate,5,1,1,1.0
E3_attribution_observability,E2::evaluation-0096-sha::referential_drift::sev2::late::1::parallel,evaluation-0096-sha,parallel,referential_drift,2,late,full_trace,aggregate,aggregate,5,1,1,1.0
E3_attribution_observability,E2::evaluation-0108-con::timeout::sev2::late::0::parallel,evaluation-0108-con,parallel,timeout,2,late,output_only,aggregate,aggregate,5,1,1,1.0
E3_attribution_observability,E2::evaluation-0108-con::timeout::sev2::late::0::parallel,evaluation-0108-con,parallel,timeout,2,late,sparse_trace,aggregate,aggregate,5,1,1,1.0
E3_attribution_observability,E2::evaluation-0108-con::timeout::sev2::late::0::parallel,evaluation-0108-con,parallel,timeout,2,late,full_trace,aggregate,aggregate,5,1,1,1.0
E3_attribution_observability,E2::evaluation-0115-ari::wrong_value::sev1::late::1::parallel,evaluation-0115-ari,parallel,wrong_value,1,late,output_only,aggregate,aggregate,5,1,1,1.0
E3_attribution_observability,E2::evaluation-0115-ari::wrong_value::sev1::late::1::parallel,evaluation-0115-ari,parallel,wrong_value,1,late,sparse_trace,aggregate,worker-2,5,2,0,0.5
E3_attribution_observability,E2::evaluation-0115-ari::wrong_value::sev1::late::1::parallel,evaluation-0115-ari,parallel,wrong_value,1,late,full_trace,aggregate,worker-2,5,2,0,0.5
E3_attribution_observability,E2::evaluation-0118-con::wrong_value::sev1::early::0::hierarchical,evaluation-0118-con,hierarchical,wrong_value,1,early,output_only,worker-0,root,7,7,0,0.14285714285714285
E3_attribution_observability,E2::evaluation-0118-con::wrong_value::sev1::early::0::hierarchical,evaluation-0118-con,hierarchical,wrong_value,1,early,sparse_trace,worker-0,worker-0,7,1,1,1.0
E3_attribution_observability,E2::evaluation-0118-con::wrong_value::sev1::early::0::hierarchical,evaluation-0118-con,hierarchical,wrong_value,1,early,full_trace,worker-0,worker-0,7,1,1,1.0
E3_attribution_observability,E2::evaluation-0082-evi::timeout::sev1::early::1::parallel,evaluation-0082-evi,parallel,timeout,1,early,output_only,worker-0,aggregate,5,5,0,0.2
E3_attribution_observability,E2::evaluation-0082-evi::timeout::sev1::early::1::parallel,evaluation-0082-evi,parallel,timeout,1,early,sparse_trace,worker-0,worker-0,5,1,1,1.0
E3_attribution_observability,E2::evaluation-0082-evi::timeout::sev1::early::1::parallel,evaluation-0082-evi,parallel,timeout,1,early,full_trace,worker-0,worker-0,5,1,1,1.0
E3_attribution_observability,E2::evaluation-0078-con::wrong_value::sev1::middle::0::single,evaluation-0078-con,single,wrong_value,1,middle,output_only,step-2,step-3,4,3,0,0.3333333333333333
E3_attribution_observability,E2::evaluation-0078-con::wrong_value::sev1::middle::0::single,evaluation-0078-con,single,wrong_value,1,middle,sparse_trace,step-2,step-2,4,1,1,1.0
E3_attribution_observability,E2::evaluation-0078-con::wrong_value::sev1::middle::0::single,evaluation-0078-con,single,wrong_value,1,middle,full_trace,step-2,step-2,4,1,1,1.0
E3_attribution_observability,E2::evaluation-0113-con::referential_drift::sev1::late::1::hierarchical,evaluation-0113-con,hierarchical,referential_drift,1,late,output_only,root,root,7,1,1,1.0
E3_attribution_observability,E2::evaluation-0113-con::referential_drift::sev1::late::1::hierarchical,evaluation-0113-con,hierarchical,referential_drift,1,late,sparse_trace,root,root,7,1,1,1.0
E3_attribution_observability,E2::evaluation-0113-con::referential_drift::sev1::late::1::hierarchical,evaluation-0113-con,hierarchical,referential_drift,1,late,full_trace,root,root,7,1,1,1.0
E3_attribution_observability,E2::evaluation-0081-sha::wrong_value::sev2::early::0::hierarchical,evaluation-0081-sha,hierarchical,wrong_value,2,early,output_only,worker-0,root,7,5,0,0.2
E3_attribution_observability,E2::evaluation-0081-sha::wrong_value::sev2::early::0::hierarchical,evaluation-0081-sha,hierarchical,wrong_value,2,early,sparse_trace,worker-0,worker-0,7,1,1,1.0
E3_attribution_observability,E2::evaluation-0081-sha::wrong_value::sev2::early::0::hierarchical,evaluation-0081-sha,hierarchical,wrong_value,2,early,full_trace,worker-0,worker-0,7,1,1,1.0
E3_attribution_observability,E2::evaluation-0105-ari::wrong_value::sev1::middle::1::sequential,evaluation-0105-ari,sequential,wrong_value,1,middle,output_only,step-2,step-3,4,2,0,0.5
E3_attribution_observability,E2::evaluation-0105-ari::wrong_value::sev1::middle::1::sequential,evaluation-0105-ari,sequential,wrong_value,1,middle,sparse_trace,step-2,step-2,4,1,1,1.0
E3_attribution_observability,E2::evaluation-0105-ari::wrong_value::sev1::middle::1::sequential,evaluation-0105-ari,sequential,wrong_value,1,middle,full_trace,step-2,step-2,4,1,1,1.0
E3_attribution_observability,E2::evaluation-0091-sha::timeout::sev2::late::1::hierarchical,evaluation-0091-sha,hierarchical,timeout,2,late,output_only,root,root,7,1,1,1.0
E3_attribution_observability,E2::evaluation-0091-sha::timeout::sev2::late::1::hierarchical,evaluation-0091-sha,hierarchical,timeout,2,late,sparse_trace,root,root,7,1,1,1.0
E3_attribution_observability,E2::evaluation-0091-sha::timeout::sev2::late::1::hierarchical,evaluation-0091-sha,hierarchical,timeout,2,late,full_trace,root,root,7,1,1,1.0
E3_attribution_observability,E2::evaluation-0119-sta::truncation::sev2::early::0::sequential,evaluation-0119-sta,sequential,truncation,2,early,output_only,step-0,step-3,4,2,0,0.5
E3_attribution_observability,E2::evaluation-0119-sta::truncation::sev2::early::0::sequential,evaluation-0119-sta,sequential,truncation,2,early,sparse_trace,step-0,step-0,4,1,1,1.0
E3_attribution_observability,E2::evaluation-0119-sta::truncation::sev2::early::0::sequential,evaluation-0119-sta,sequential,truncation,2,early,full_trace,step-0,step-0,4,1,1,1.0
E3_attribution_observability,E2::evaluation-0106-sha::wrong_value::sev1::middle::1::single,evaluation-0106-sha,single,wrong_value,1,middle,output_only,step-2,step-3,4,3,0,0.3333333333333333
E3_attribution_observability,E2::evaluation-0106-sha::wrong_value::sev1::middle::1::single,evaluation-0106-sha,single,wrong_value,1,middle,sparse_trace,step-2,step-2,4,1,1,1.0
E3_attribution_observability,E2::evaluation-0106-sha::wrong_value::sev1::middle::1::single,evaluation-0106-sha,single,wrong_value,1,middle,full_trace,step-2,step-2,4,1,1,1.0
E3_attribution_observability,E2::evaluation-0087-evi::truncation::sev1::late::1::hierarchical,evaluation-0087-evi,hierarchical,truncation,1,late,output_only,root,root,7,1,1,1.0
E3_attribution_observability,E2::evaluation-0087-evi::truncation::sev1::late::1::hierarchical,evaluation-0087-evi,hierarchical,truncation,1,late,sparse_trace,root,worker-0,7,3,0,0.3333333333333333
E3_attribution_observability,E2::evaluation-0087-evi::truncation::sev1::late::1::hierarchical,evaluation-0087-evi,hierarchical,truncation,1,late,full_trace,root,worker-0,7,3,0,0.3333333333333333
E3_attribution_observability,E2::evaluation-0102-evi::truncation::sev2::late::0::sequential,evaluation-0102-evi,sequential,truncation,2,late,output_only,step-3,step-3,4,1,1,1.0
E3_attribution_observability,E2::evaluation-0102-evi::truncation::sev2::late::0::sequential,evaluation-0102-evi,sequential,truncation,2,late,sparse_trace,step-3,step-3,4,1,1,1.0
E3_attribution_observability,E2::evaluation-0102-evi::truncation::sev2::late::0::sequential,evaluation-0102-evi,sequential,truncation,2,late,full_trace,step-3,step-3,4,1,1,1.0
E3_attribution_observability,E2::evaluation-0091-sha::wrong_value::sev2::middle::0::single,evaluation-0091-sha,single,wrong_value,2,middle,output_only,step-2,step-3,4,3,0,0.3333333333333333
E3_attribution_observability,E2::evaluation-0091-sha::wrong_value::sev2::middle::0::single,evaluation-0091-sha,single,wrong_value,2,middle,sparse_trace,step-2,step-2,4,1,1,1.0
E3_attribution_observability,E2::evaluation-0091-sha::wrong_value::sev2::middle::0::single,evaluation-0091-sha,single,wrong_value,2,middle,full_trace,step-2,step-2,4,1,1,1.0
E3_attribution_observability,E2::evaluation-0105-ari::timeout::sev2::early::0::hierarchical,evaluation-0105-ari,hierarchical,timeout,2,early,output_only,worker-0,root,7,5,0,0.2
E3_attribution_observability,E2::evaluation-0105-ari::timeout::sev2::early::0::hierarchical,evaluation-0105-ari,hierarchical,timeout,2,early,sparse_trace,worker-0,worker-0,7,1,1,1.0
E3_attribution_observability,E2::evaluation-0105-ari::timeout::sev2::early::0::hierarchical,evaluation-0105-ari,hierarchical,timeout,2,early,full_trace,worker-0,worker-0,7,1,1,1.0
E3_attribution_observability,E2::evaluation-0083-con::wrong_value::sev1::early::0::hierarchical,evaluation-0083-con,hierarchical,wrong_value,1,early,output_only,worker-0,manager-1,7,7,0,0.14285714285714285
E3_attribution_observability,E2::evaluation-0083-con::wrong_value::sev1::early::0::hierarchical,evaluation-0083-con,hierarchical,wrong_value,1,early,sparse_trace,worker-0,worker-0,7,1,1,1.0
E3_attribution_observability,E2::evaluation-0083-con::wrong_value::sev1::early::0::hierarchical,evaluation-0083-con,hierarchical,wrong_value,1,early,full_trace,worker-0,worker-0,7,1,1,1.0
E3_attribution_observability,E2::evaluation-0062-evi::timeout::sev2::early::1::parallel,evaluation-0062-evi,parallel,timeout,2,early,output_only,worker-0,aggregate,5,2,0,0.5
E3_attribution_observability,E2::evaluation-0062-evi::timeout::sev2::early::1::parallel,evaluation-0062-evi,parallel,timeout,2,early,sparse_trace,worker-0,worker-0,5,1,1,1.0
E3_attribution_observability,E2::evaluation-0062-evi::timeout::sev2::early::1::parallel,evaluation-0062-evi,parallel,timeout,2,early,full_trace,worker-0,worker-0,5,1,1,1.0
E3_attribution_observability,E2::evaluation-0073-con::timeout::sev2::early::0::single,evaluation-0073-con,single,timeout,2,early,output_only,step-0,step-3,4,2,0,0.5
E3_attribution_observability,E2::evaluation-0073-con::timeout::sev2::early::0::single,evaluation-0073-con,single,timeout,2,early,sparse_trace,step-0,step-0,4,1,1,1.0
E3_attribution_observability,E2::evaluation-0073-con::timeout::sev2::early::0::single,evaluation-0073-con,single,timeout,2,early,full_trace,step-0,step-0,4,1,1,1.0
E3_attribution_observability,E2::evaluation-0075-ari::timeout::sev1::early::1::hierarchical,evaluation-0075-ari,hierarchical,timeout,1,early,output_only,worker-0,root,7,2,0,0.5
E3_attribution_observability,E2::evaluation-0075-ari::timeout::sev1::early::1::hierarchical,evaluation-0075-ari,hierarchical,timeout,1,early,sparse_trace,worker-0,worker-0,7,1,1,1.0
E3_attribution_observability,E2::evaluation-0075-ari::timeout::sev1::early::1::hierarchical,evaluation-0075-ari,hierarchical,timeout,1,early,full_trace,worker-0,worker-0,7,1,1,1.0
E3_attribution_observability,E2::evaluation-0078-con::timeout::sev1::early::1::parallel,evaluation-0078-con,parallel,timeout,1,early,output_only,worker-0,aggregate,5,5,0,0.2
E3_attribution_observability,E2::evaluation-0078-con::timeout::sev1::early::1::parallel,evaluation-0078-con,parallel,timeout,1,early,sparse_trace,worker-0,worker-0,5,1,1,1.0
E3_attribution_observability,E2::evaluation-0078-con::timeout::sev1::early::1::parallel,evaluation-0078-con,parallel,timeout,1,early,full_trace,worker-0,worker-0,5,1,1,1.0
E3_attribution_observability,E2::evaluation-0084-sta::truncation::sev1::early::0::hierarchical,evaluation-0084-sta,hierarchical,truncation,1,early,output_only,worker-0,root,7,7,0,0.14285714285714285
E3_attribution_observability,E2::evaluation-0084-sta::truncation::sev1::early::0::hierarchical,evaluation-0084-sta,hierarchical,truncation,1,early,sparse_trace,worker-0,worker-0,7,1,1,1.0
E3_attribution_observability,E2::evaluation-0084-sta::truncation::sev1::early::0::hierarchical,evaluation-0084-sta,hierarchical,truncation,1,early,full_trace,worker-0,worker-0,7,1,1,1.0
E3_attribution_observability,E2::evaluation-0080-ari::wrong_value::sev2::early::0::parallel,evaluation-0080-ari,parallel,wrong_value,2,early,output_only,worker-0,aggregate,5,3,0,0.3333333333333333
E3_attribution_observability,E2::evaluation-0080-ari::wrong_value::sev2::early::0::parallel,evaluation-0080-ari,parallel,wrong_value,2,early,sparse_trace,worker-0,worker-0,5,1,1,1.0
E3_attribution_observability,E2::evaluation-0080-ari::wrong_value::sev2::early::0::parallel,evaluation-0080-ari,parallel,wrong_value,2,early,full_trace,worker-0,worker-0,5,1,1,1.0
E3_attribution_observability,E2::evaluation-0110-ari::referential_drift::sev2::early::1::sequential,evaluation-0110-ari,sequential,referential_drift,2,early,output_only,step-0,step-3,4,3,0,0.3333333333333333
E3_attribution_observability,E2::evaluation-0110-ari::referential_drift::sev2::early::1::sequential,evaluation-0110-ari,sequential,referential_drift,2,early,sparse_trace,step-0,step-0,4,1,1,1.0
E3_attribution_observability,E2::evaluation-0110-ari::referential_drift::sev2::early::1::sequential,evaluation-0110-ari,sequential,referential_drift,2,early,full_trace,step-0,step-0,4,1,1,1.0
E3_attribution_observability,E2::evaluation-0078-con::timeout::sev1::late::0::parallel,evaluation-0078-con,parallel,timeout,1,late,output_only,aggregate,aggregate,5,1,1,1.0
E3_attribution_observability,E2::evaluation-0078-con::timeout::sev1::late::0::parallel,evaluation-0078-con,parallel,timeout,1,late,sparse_trace,aggregate,aggregate,5,1,1,1.0
E3_attribution_observability,E2::evaluation-0078-con::timeout::sev1::late::0::parallel,evaluation-0078-con,parallel,timeout,1,late,full_trace,aggregate,aggregate,5,1,1,1.0
E3_attribution_observability,E2::evaluation-0068-con::wrong_value::sev1::middle::0::single,evaluation-0068-con,single,wrong_value,1,middle,output_only,step-2,step-3,4,4,0,0.25
E3_attribution_observability,E2::evaluation-0068-con::wrong_value::sev1::middle::0::single,evaluation-0068-con,single,wrong_value,1,middle,sparse_trace,step-2,step-2,4,1,1,1.0
E3_attribution_observability,E2::evaluation-0068-con::wrong_value::sev1::middle::0::single,evaluation-0068-con,single,wrong_value,1,middle,full_trace,step-2,step-2,4,1,1,1.0
E3_attribution_observability,E2::evaluation-0093-con::wrong_value::sev2::middle::0::sequential,evaluation-0093-con,sequential,wrong_value,2,middle,output_only,step-2,step-3,4,3,0,0.3333333333333333
E3_attribution_observability,E2::evaluation-0093-con::wrong_value::sev2::middle::0::sequential,evaluation-0093-con,sequential,wrong_value,2,middle,sparse_trace,step-2,step-2,4,1,1,1.0
E3_attribution_observability,E2::evaluation-0093-con::wrong_value::sev2::middle::0::sequential,evaluation-0093-con,sequential,wrong_value,2,middle,full_trace,step-2,step-2,4,1,1,1.0
E3_attribution_observability,E2::evaluation-0092-evi::truncation::sev1::late::1::hierarchical,evaluation-0092-evi,hierarchical,truncation,1,late,output_only,root,root,7,1,1,1.0
E3_attribution_observability,E2::evaluation-0092-evi::truncation::sev1::late::1::hierarchical,evaluation-0092-evi,hierarchical,truncation,1,late,sparse_trace,root,root,7,1,1,1.0
E3_attribution_observability,E2::evaluation-0092-evi::truncation::sev1::late::1::hierarchical,evaluation-0092-evi,hierarchical,truncation,1,late,full_trace,root,root,7,1,1,1.0
E3_attribution_observability,E2::evaluation-0095-ari::timeout::sev2::early::0::single,evaluation-0095-ari,single,timeout,2,early,output_only,step-0,step-3,4,2,0,0.5
E3_attribution_observability,E2::evaluation-0095-ari::timeout::sev2::early::0::single,evaluation-0095-ari,single,timeout,2,early,sparse_trace,step-0,step-0,4,1,1,1.0
E3_attribution_observability,E2::evaluation-0095-ari::timeout::sev2::early::0::single,evaluation-0095-ari,single,timeout,2,early,full_trace,step-0,step-0,4,1,1,1.0
E3_attribution_observability,E2::evaluation-0065-ari::wrong_value::sev2::middle::1::single,evaluation-0065-ari,single,wrong_value,2,middle,output_only,step-2,step-3,4,4,0,0.25
E3_attribution_observability,E2::evaluation-0065-ari::wrong_value::sev2::middle::1::single,evaluation-0065-ari,single,wrong_value,2,middle,sparse_trace,step-2,step-2,4,1,1,1.0
E3_attribution_observability,E2::evaluation-0065-ari::wrong_value::sev2::middle::1::single,evaluation-0065-ari,single,wrong_value,2,middle,full_trace,step-2,step-2,4,1,1,1.0
E3_attribution_observability,E2::evaluation-0084-sta::timeout::sev1::middle::0::sequential,evaluation-0084-sta,sequential,timeout,1,middle,output_only,step-2,step-3,4,3,0,0.3333333333333333
E3_attribution_observability,E2::evaluation-0084-sta::timeout::sev1::middle::0::sequential,evaluation-0084-sta,sequential,timeout,1,middle,sparse_trace,step-2,step-2,4,1,1,1.0
E3_attribution_observability,E2::evaluation-0084-sta::timeout::sev1::middle::0::sequential,evaluation-0084-sta,sequential,timeout,1,middle,full_trace,step-2,step-2,4,1,1,1.0
E3_attribution_observability,E2::evaluation-0104-sta::wrong_value::sev1::middle::1::hierarchical,evaluation-0104-sta,hierarchical,wrong_value,1,middle,output_only,manager-0,root,7,4,0,0.25
E3_attribution_observability,E2::evaluation-0104-sta::wrong_value::sev1::middle::1::hierarchical,evaluation-0104-sta,hierarchical,wrong_value,1,middle,sparse_trace,manager-0,worker-0,7,7,0,0.14285714285714285
E3_attribution_observability,E2::evaluation-0104-sta::wrong_value::sev1::middle::1::hierarchical,evaluation-0104-sta,hierarchical,wrong_value,1,middle,full_trace,manager-0,worker-0,7,7,0,0.14285714285714285
E3_attribution_observability,E2::evaluation-0115-ari::referential_drift::sev2::late::0::hierarchical,evaluation-0115-ari,hierarchical,referential_drift,2,late,output_only,root,root,7,1,1,1.0
E3_attribution_observability,E2::evaluation-0115-ari::referential_drift::sev2::late::0::hierarchical,evaluation-0115-ari,hierarchical,referential_drift,2,late,sparse_trace,root,worker-0,7,2,0,0.5
E3_attribution_observability,E2::evaluation-0115-ari::referential_drift::sev2::late::0::hierarchical,evaluation-0115-ari,hierarchical,referential_drift,2,late,full_trace,root,worker-0,7,2,0,0.5
E3_attribution_observability,E2::evaluation-0110-ari::referential_drift::sev1::early::0::single,evaluation-0110-ari,single,referential_drift,1,early,output_only,step-0,step-3,4,4,0,0.25
E3_attribution_observability,E2::evaluation-0110-ari::referential_drift::sev1::early::0::single,evaluation-0110-ari,single,referential_drift,1,early,sparse_trace,step-0,step-0,4,1,1,1.0
E3_attribution_observability,E2::evaluation-0110-ari::referential_drift::sev1::early::0::single,evaluation-0110-ari,single,referential_drift,1,early,full_trace,step-0,step-0,4,1,1,1.0
E3_attribution_observability,E2::evaluation-0115-ari::wrong_value::sev1::middle::1::sequential,evaluation-0115-ari,sequential,wrong_value,1,middle,output_only,step-2,step-3,4,2,0,0.5
E3_attribution_observability,E2::evaluation-0115-ari::wrong_value::sev1::middle::1::sequential,evaluation-0115-ari,sequential,wrong_value,1,middle,sparse_trace,step-2,step-2,4,1,1,1.0
E3_attribution_observability,E2::evaluation-0115-ari::wrong_value::sev1::middle::1::sequential,evaluation-0115-ari,sequential,wrong_value,1,middle,full_trace,step-2,step-2,4,1,1,1.0
E3_attribution_observability,E2::evaluation-0088-con::referential_drift::sev1::early::0::hierarchical,evaluation-0088-con,hierarchical,referential_drift,1,early,output_only,worker-0,worker-0,7,1,1,1.0
E3_attribution_observability,E2::evaluation-0088-con::referential_drift::sev1::early::0::hierarchical,evaluation-0088-con,hierarchical,referential_drift,1,early,sparse_trace,worker-0,worker-0,7,1,1,1.0
E3_attribution_observability,E2::evaluation-0088-con::referential_drift::sev1::early::0::hierarchical,evaluation-0088-con,hierarchical,referential_drift,1,early,full_trace,worker-0,worker-0,7,1,1,1.0
E3_attribution_observability,E2::evaluation-0076-sha::timeout::sev1::early::0::single,evaluation-0076-sha,single,timeout,1,early,output_only,step-0,step-3,4,4,0,0.25
E3_attribution_observability,E2::evaluation-0076-sha::timeout::sev1::early::0::single,evaluation-0076-sha,single,timeout,1,early,sparse_trace,step-0,step-0,4,1,1,1.0
E3_attribution_observability,E2::evaluation-0076-sha::timeout::sev1::early::0::single,evaluation-0076-sha,single,timeout,1,early,full_trace,step-0,step-0,4,1,1,1.0
E3_attribution_observability,E2::evaluation-0072-evi::referential_drift::sev2::late::1::sequential,evaluation-0072-evi,sequential,referential_drift,2,late,output_only,step-3,step-3,4,1,1,1.0
E3_attribution_observability,E2::evaluation-0072-evi::referential_drift::sev2::late::1::sequential,evaluation-0072-evi,sequential,referential_drift,2,late,sparse_trace,step-3,step-3,4,1,1,1.0
E3_attribution_observability,E2::evaluation-0072-evi::referential_drift::sev2::late::1::sequential,evaluation-0072-evi,sequential,referential_drift,2,late,full_trace,step-3,step-3,4,1,1,1.0
E3_attribution_observability,E2::evaluation-0060-ari::timeout::sev2::late::1::hierarchical,evaluation-0060-ari,hierarchical,timeout,2,late,output_only,root,root,7,1,1,1.0
E3_attribution_observability,E2::evaluation-0060-ari::timeout::sev2::late::1::hierarchical,evaluation-0060-ari,hierarchical,timeout,2,late,sparse_trace,root,root,7,1,1,1.0
E3_attribution_observability,E2::evaluation-0060-ari::timeout::sev2::late::1::hierarchical,evaluation-0060-ari,hierarchical,timeout,2,late,full_trace,root,root,7,1,1,1.0
E3_attribution_observability,E2::evaluation-0070-ari::referential_drift::sev2::middle::0::parallel,evaluation-0070-ari,parallel,referential_drift,2,middle,output_only,worker-2,worker-0,5,4,0,0.25
E3_attribution_observability,E2::evaluation-0070-ari::referential_drift::sev2::middle::0::parallel,evaluation-0070-ari,parallel,referential_drift,2,middle,sparse_trace,worker-2,worker-2,5,1,1,1.0
E3_attribution_observability,E2::evaluation-0070-ari::referential_drift::sev2::middle::0::parallel,evaluation-0070-ari,parallel,referential_drift,2,middle,full_trace,worker-2,worker-2,5,1,1,1.0
E3_attribution_observability,E2::evaluation-0094-sta::timeout::sev1::middle::0::hierarchical,evaluation-0094-sta,hierarchical,timeout,1,middle,output_only,manager-0,root,7,3,0,0.3333333333333333
E3_attribution_observability,E2::evaluation-0094-sta::timeout::sev1::middle::0::hierarchical,evaluation-0094-sta,hierarchical,timeout,1,middle,sparse_trace,manager-0,manager-0,7,1,1,1.0
E3_attribution_observability,E2::evaluation-0094-sta::timeout::sev1::middle::0::hierarchical,evaluation-0094-sta,hierarchical,timeout,1,middle,full_trace,manager-0,manager-0,7,1,1,1.0
E3_attribution_observability,E2::evaluation-0095-ari::referential_drift::sev1::early::1::sequential,evaluation-0095-ari,sequential,referential_drift,1,early,output_only,step-0,step-3,4,4,0,0.25
E3_attribution_observability,E2::evaluation-0095-ari::referential_drift::sev1::early::1::sequential,evaluation-0095-ari,sequential,referential_drift,1,early,sparse_trace,step-0,step-0,4,1,1,1.0
E3_attribution_observability,E2::evaluation-0095-ari::referential_drift::sev1::early::1::sequential,evaluation-0095-ari,sequential,referential_drift,1,early,full_trace,step-0,step-0,4,1,1,1.0
E3_attribution_observability,E2::evaluation-0066-sha::timeout::sev2::middle::0::parallel,evaluation-0066-sha,parallel,timeout,2,middle,output_only,worker-2,aggregate,5,5,0,0.2
E3_attribution_observability,E2::evaluation-0066-sha::timeout::sev2::middle::0::parallel,evaluation-0066-sha,parallel,timeout,2,middle,sparse_trace,worker-2,worker-2,5,1,1,1.0
E3_attribution_observability,E2::evaluation-0066-sha::timeout::sev2::middle::0::parallel,evaluation-0066-sha,parallel,timeout,2,middle,full_trace,worker-2,worker-2,5,1,1,1.0
E3_attribution_observability,E2::evaluation-0098-con::timeout::sev1::middle::0::sequential,evaluation-0098-con,sequential,timeout,1,middle,output_only,step-2,step-3,4,3,0,0.3333333333333333
E3_attribution_observability,E2::evaluation-0098-con::timeout::sev1::middle::0::sequential,evaluation-0098-con,sequential,timeout,1,middle,sparse_trace,step-2,step-2,4,1,1,1.0
E3_attribution_observability,E2::evaluation-0098-con::timeout::sev1::middle::0::sequential,evaluation-0098-con,sequential,timeout,1,middle,full_trace,step-2,step-2,4,1,1,1.0
E3_attribution_observability,E2::evaluation-0078-con::referential_drift::sev1::middle::0::parallel,evaluation-0078-con,parallel,referential_drift,1,middle,output_only,worker-2,aggregate,5,2,0,0.5
E3_attribution_observability,E2::evaluation-0078-con::referential_drift::sev1::middle::0::parallel,evaluation-0078-con,parallel,referential_drift,1,middle,sparse_trace,worker-2,worker-2,5,1,1,1.0
E3_attribution_observability,E2::evaluation-0078-con::referential_drift::sev1::middle::0::parallel,evaluation-0078-con,parallel,referential_drift,1,middle,full_trace,worker-2,worker-2,5,1,1,1.0
E3_attribution_observability,E2::evaluation-0116-sha::referential_drift::sev2::late::1::parallel,evaluation-0116-sha,parallel,referential_drift,2,late,output_only,aggregate,worker-1,5,2,0,0.5
E3_attribution_observability,E2::evaluation-0116-sha::referential_drift::sev2::late::1::parallel,evaluation-0116-sha,parallel,referential_drift,2,late,sparse_trace,aggregate,worker-2,5,4,0,0.25
E3_attribution_observability,E2::evaluation-0116-sha::referential_drift::sev2::late::1::parallel,evaluation-0116-sha,parallel,referential_drift,2,late,full_trace,aggregate,worker-3,5,5,0,0.2
E3_attribution_observability,E2::evaluation-0066-sha::timeout::sev1::early::1::parallel,evaluation-0066-sha,parallel,timeout,1,early,output_only,worker-0,aggregate,5,3,0,0.3333333333333333
E3_attribution_observability,E2::evaluation-0066-sha::timeout::sev1::early::1::parallel,evaluation-0066-sha,parallel,timeout,1,early,sparse_trace,worker-0,worker-0,5,1,1,1.0
E3_attribution_observability,E2::evaluation-0066-sha::timeout::sev1::early::1::parallel,evaluation-0066-sha,parallel,timeout,1,early,full_trace,worker-0,worker-0,5,1,1,1.0
E3_attribution_observability,E2::evaluation-0116-sha::truncation::sev2::early::0::parallel,evaluation-0116-sha,parallel,truncation,2,early,output_only,worker-0,aggregate,5,2,0,0.5
E3_attribution_observability,E2::evaluation-0116-sha::truncation::sev2::early::0::parallel,evaluation-0116-sha,parallel,truncation,2,early,sparse_trace,worker-0,worker-0,5,1,1,1.0
E3_attribution_observability,E2::evaluation-0116-sha::truncation::sev2::early::0::parallel,evaluation-0116-sha,parallel,truncation,2,early,full_trace,worker-0,worker-0,5,1,1,1.0
E3_attribution_observability,E2::evaluation-0067-evi::truncation::sev1::early::1::parallel,evaluation-0067-evi,parallel,truncation,1,early,output_only,worker-0,aggregate,5,4,0,0.25
E3_attribution_observability,E2::evaluation-0067-evi::truncation::sev1::early::1::parallel,evaluation-0067-evi,parallel,truncation,1,early,sparse_trace,worker-0,worker-0,5,1,1,1.0
E3_attribution_observability,E2::evaluation-0067-evi::truncation::sev1::early::1::parallel,evaluation-0067-evi,parallel,truncation,1,early,full_trace,worker-0,worker-0,5,1,1,1.0
E3_attribution_observability,E2::evaluation-0106-sha::wrong_value::sev1::early::0::parallel,evaluation-0106-sha,parallel,wrong_value,1,early,output_only,worker-0,aggregate,5,2,0,0.5
E3_attribution_observability,E2::evaluation-0106-sha::wrong_value::sev1::early::0::parallel,evaluation-0106-sha,parallel,wrong_value,1,early,sparse_trace,worker-0,worker-0,5,1,1,1.0
E3_attribution_observability,E2::evaluation-0106-sha::wrong_value::sev1::early::0::parallel,evaluation-0106-sha,parallel,wrong_value,1,early,full_trace,worker-0,worker-0,5,1,1,1.0
E3_attribution_observability,E2::evaluation-0103-con::wrong_value::sev1::late::0::parallel,evaluation-0103-con,parallel,wrong_value,1,late,output_only,aggregate,aggregate,5,1,1,1.0
E3_attribution_observability,E2::evaluation-0103-con::wrong_value::sev1::late::0::parallel,evaluation-0103-con,parallel,wrong_value,1,late,sparse_trace,aggregate,aggregate,5,1,1,1.0
E3_attribution_observability,E2::evaluation-0103-con::wrong_value::sev1::late::0::parallel,evaluation-0103-con,parallel,wrong_value,1,late,full_trace,aggregate,aggregate,5,1,1,1.0
E3_attribution_observability,E2::evaluation-0068-con::truncation::sev1::early::0::hierarchical,evaluation-0068-con,hierarchical,truncation,1,early,output_only,worker-0,root,7,3,0,0.3333333333333333
E3_attribution_observability,E2::evaluation-0068-con::truncation::sev1::early::0::hierarchical,evaluation-0068-con,hierarchical,truncation,1,early,sparse_trace,worker-0,worker-0,7,1,1,1.0
E3_attribution_observability,E2::evaluation-0068-con::truncation::sev1::early::0::hierarchical,evaluation-0068-con,hierarchical,truncation,1,early,full_trace,worker-0,worker-0,7,1,1,1.0
E3_attribution_observability,E2::evaluation-0081-sha::timeout::sev2::middle::1::hierarchical,evaluation-0081-sha,hierarchical,timeout,2,middle,output_only,manager-0,root,7,7,0,0.14285714285714285
E3_attribution_observability,E2::evaluation-0081-sha::timeout::sev2::middle::1::hierarchical,evaluation-0081-sha,hierarchical,timeout,2,middle,sparse_trace,manager-0,manager-0,7,1,1,1.0
E3_attribution_observability,E2::evaluation-0081-sha::timeout::sev2::middle::1::hierarchical,evaluation-0081-sha,hierarchical,timeout,2,middle,full_trace,manager-0,manager-0,7,1,1,1.0
E3_attribution_observability,E2::evaluation-0113-con::referential_drift::sev2::middle::1::parallel,evaluation-0113-con,parallel,referential_drift,2,middle,output_only,worker-2,worker-3,5,2,0,0.5
E3_attribution_observability,E2::evaluation-0113-con::referential_drift::sev2::middle::1::parallel,evaluation-0113-con,parallel,referential_drift,2,middle,sparse_trace,worker-2,worker-3,5,5,0,0.2
E3_attribution_observability,E2::evaluation-0113-con::referential_drift::sev2::middle::1::parallel,evaluation-0113-con,parallel,referential_drift,2,middle,full_trace,worker-2,aggregate,5,5,0,0.2
E3_attribution_observability,E2::evaluation-0068-con::wrong_value::sev1::middle::0::hierarchical,evaluation-0068-con,hierarchical,wrong_value,1,middle,output_only,manager-0,root,7,5,0,0.2
E3_attribution_observability,E2::evaluation-0068-con::wrong_value::sev1::middle::0::hierarchical,evaluation-0068-con,hierarchical,wrong_value,1,middle,sparse_trace,manager-0,worker-1,7,3,0,0.3333333333333333
E3_attribution_observability,E2::evaluation-0068-con::wrong_value::sev1::middle::0::hierarchical,evaluation-0068-con,hierarchical,wrong_value,1,middle,full_trace,manager-0,worker-1,7,3,0,0.3333333333333333
E3_attribution_observability,E2::evaluation-0072-evi::wrong_value::sev2::middle::1::hierarchical,evaluation-0072-evi,hierarchical,wrong_value,2,middle,output_only,manager-0,root,7,7,0,0.14285714285714285
E3_attribution_observability,E2::evaluation-0072-evi::wrong_value::sev2::middle::1::hierarchical,evaluation-0072-evi,hierarchical,wrong_value,2,middle,sparse_trace,manager-0,manager-0,7,1,1,1.0
E3_attribution_observability,E2::evaluation-0072-evi::wrong_value::sev2::middle::1::hierarchical,evaluation-0072-evi,hierarchical,wrong_value,2,middle,full_trace,manager-0,manager-0,7,1,1,1.0
E3_attribution_observability,E2::evaluation-0109-sta::truncation::sev1::middle::0::parallel,evaluation-0109-sta,parallel,truncation,1,middle,output_only,worker-2,aggregate,5,4,0,0.25
E3_attribution_observability,E2::evaluation-0109-sta::truncation::sev1::middle::0::parallel,evaluation-0109-sta,parallel,truncation,1,middle,sparse_trace,worker-2,worker-2,5,1,1,1.0
E3_attribution_observability,E2::evaluation-0109-sta::truncation::sev1::middle::0::parallel,evaluation-0109-sta,parallel,truncation,1,middle,full_trace,worker-2,worker-2,5,1,1,1.0
E3_attribution_observability,E2::evaluation-0085-ari::wrong_value::sev2::early::1::parallel,evaluation-0085-ari,parallel,wrong_value,2,early,output_only,worker-0,aggregate,5,3,0,0.3333333333333333
E3_attribution_observability,E2::evaluation-0085-ari::wrong_value::sev2::early::1::parallel,evaluation-0085-ari,parallel,wrong_value,2,early,sparse_trace,worker-0,worker-0,5,1,1,1.0
E3_attribution_observability,E2::evaluation-0085-ari::wrong_value::sev2::early::1::parallel,evaluation-0085-ari,parallel,wrong_value,2,early,full_trace,worker-0,worker-0,5,1,1,1.0
E3_attribution_observability,E2::evaluation-0064-sta::truncation::sev1::late::1::parallel,evaluation-0064-sta,parallel,truncation,1,late,output_only,aggregate,aggregate,5,1,1,1.0
E3_attribution_observability,E2::evaluation-0064-sta::truncation::sev1::late::1::parallel,evaluation-0064-sta,parallel,truncation,1,late,sparse_trace,aggregate,aggregate,5,1,1,1.0
E3_attribution_observability,E2::evaluation-0064-sta::truncation::sev1::late::1::parallel,evaluation-0064-sta,parallel,truncation,1,late,full_trace,aggregate,aggregate,5,1,1,1.0
E3_attribution_observability,E2::evaluation-0079-sta::referential_drift::sev1::late::0::sequential,evaluation-0079-sta,sequential,referential_drift,1,late,output_only,step-3,step-3,4,1,1,1.0
E3_attribution_observability,E2::evaluation-0079-sta::referential_drift::sev1::late::0::sequential,evaluation-0079-sta,sequential,referential_drift,1,late,sparse_trace,step-3,step-3,4,1,1,1.0
E3_attribution_observability,E2::evaluation-0079-sta::referential_drift::sev1::late::0::sequential,evaluation-0079-sta,sequential,referential_drift,1,late,full_trace,step-3,step-3,4,1,1,1.0
E3_attribution_observability,E2::evaluation-0072-evi::truncation::sev1::early::1::sequential,evaluation-0072-evi,sequential,truncation,1,early,output_only,step-0,step-3,4,2,0,0.5
E3_attribution_observability,E2::evaluation-0072-evi::truncation::sev1::early::1::sequential,evaluation-0072-evi,sequential,truncation,1,early,sparse_trace,step-0,step-0,4,1,1,1.0
E3_attribution_observability,E2::evaluation-0072-evi::truncation::sev1::early::1::sequential,evaluation-0072-evi,sequential,truncation,1,early,full_trace,step-0,step-0,4,1,1,1.0
E3_attribution_observability,E2::evaluation-0073-con::timeout::sev1::late::1::hierarchical,evaluation-0073-con,hierarchical,timeout,1,late,output_only,root,root,7,1,1,1.0
E3_attribution_observability,E2::evaluation-0073-con::timeout::sev1::late::1::hierarchical,evaluation-0073-con,hierarchical,timeout,1,late,sparse_trace,root,root,7,1,1,1.0
E3_attribution_observability,E2::evaluation-0073-con::timeout::sev1::late::1::hierarchical,evaluation-0073-con,hierarchical,timeout,1,late,full_trace,root,root,7,1,1,1.0
E3_attribution_observability,E2::evaluation-0103-con::referential_drift::sev2::late::0::parallel,evaluation-0103-con,parallel,referential_drift,2,late,output_only,aggregate,aggregate,5,1,1,1.0
E3_attribution_observability,E2::evaluation-0103-con::referential_drift::sev2::late::0::parallel,evaluation-0103-con,parallel,referential_drift,2,late,sparse_trace,aggregate,aggregate,5,1,1,1.0
E3_attribution_observability,E2::evaluation-0103-con::referential_drift::sev2::late::0::parallel,evaluation-0103-con,parallel,referential_drift,2,late,full_trace,aggregate,aggregate,5,1,1,1.0
E3_attribution_observability,E2::evaluation-0070-ari::truncation::sev2::middle::1::single,evaluation-0070-ari,single,truncation,2,middle,output_only,step-2,step-3,4,2,0,0.5
E3_attribution_observability,E2::evaluation-0070-ari::truncation::sev2::middle::1::single,evaluation-0070-ari,single,truncation,2,middle,sparse_trace,step-2,step-2,4,1,1,1.0
E3_attribution_observability,E2::evaluation-0070-ari::truncation::sev2::middle::1::single,evaluation-0070-ari,single,truncation,2,middle,full_trace,step-2,step-2,4,1,1,1.0
E3_attribution_observability,E2::evaluation-0069-sta::wrong_value::sev1::late::0::single,evaluation-0069-sta,single,wrong_value,1,late,output_only,step-3,step-3,4,1,1,1.0
E3_attribution_observability,E2::evaluation-0069-sta::wrong_value::sev1::late::0::single,evaluation-0069-sta,single,wrong_value,1,late,sparse_trace,step-3,step-0,4,3,0,0.3333333333333333
E3_attribution_observability,E2::evaluation-0069-sta::wrong_value::sev1::late::0::single,evaluation-0069-sta,single,wrong_value,1,late,full_trace,step-3,step-3,4,1,1,1.0
E3_attribution_observability,E2::evaluation-0098-con::referential_drift::sev1::middle::1::parallel,evaluation-0098-con,parallel,referential_drift,1,middle,output_only,worker-2,aggregate,5,3,0,0.3333333333333333
E3_attribution_observability,E2::evaluation-0098-con::referential_drift::sev1::middle::1::parallel,evaluation-0098-con,parallel,referential_drift,1,middle,sparse_trace,worker-2,worker-2,5,1,1,1.0
E3_attribution_observability,E2::evaluation-0098-con::referential_drift::sev1::middle::1::parallel,evaluation-0098-con,parallel,referential_drift,1,middle,full_trace,worker-2,worker-2,5,1,1,1.0
E3_attribution_observability,E2::evaluation-0095-ari::wrong_value::sev1::middle::0::sequential,evaluation-0095-ari,sequential,wrong_value,1,middle,output_only,step-2,step-3,4,2,0,0.5
E3_attribution_observability,E2::evaluation-0095-ari::wrong_value::sev1::middle::0::sequential,evaluation-0095-ari,sequential,wrong_value,1,middle,sparse_trace,step-2,step-2,4,1,1,1.0
E3_attribution_observability,E2::evaluation-0095-ari::wrong_value::sev1::middle::0::sequential,evaluation-0095-ari,sequential,wrong_value,1,middle,full_trace,step-2,step-2,4,1,1,1.0
E3_attribution_observability,E2::evaluation-0102-evi::referential_drift::sev1::middle::1::parallel,evaluation-0102-evi,parallel,referential_drift,1,middle,output_only,worker-2,aggregate,5,3,0,0.3333333333333333
E3_attribution_observability,E2::evaluation-0102-evi::referential_drift::sev1::middle::1::parallel,evaluation-0102-evi,parallel,referential_drift,1,middle,sparse_trace,worker-2,worker-2,5,1,1,1.0
E3_attribution_observability,E2::evaluation-0102-evi::referential_drift::sev1::middle::1::parallel,evaluation-0102-evi,parallel,referential_drift,1,middle,full_trace,worker-2,worker-2,5,1,1,1.0
E3_attribution_observability,E2::evaluation-0105-ari::timeout::sev1::early::0::hierarchical,evaluation-0105-ari,hierarchical,timeout,1,early,output_only,worker-0,root,7,6,0,0.16666666666666666
E3_attribution_observability,E2::evaluation-0105-ari::timeout::sev1::early::0::hierarchical,evaluation-0105-ari,hierarchical,timeout,1,early,sparse_trace,worker-0,worker-0,7,1,1,1.0
E3_attribution_observability,E2::evaluation-0105-ari::timeout::sev1::early::0::hierarchical,evaluation-0105-ari,hierarchical,timeout,1,early,full_trace,worker-0,worker-0,7,1,1,1.0
E3_attribution_observability,E2::evaluation-0088-con::truncation::sev1::late::1::parallel,evaluation-0088-con,parallel,truncation,1,late,output_only,aggregate,aggregate,5,1,1,1.0
E3_attribution_observability,E2::evaluation-0088-con::truncation::sev1::late::1::parallel,evaluation-0088-con,parallel,truncation,1,late,sparse_trace,aggregate,aggregate,5,1,1,1.0
E3_attribution_observability,E2::evaluation-0088-con::truncation::sev1::late::1::parallel,evaluation-0088-con,parallel,truncation,1,late,full_trace,aggregate,aggregate,5,1,1,1.0
E3_attribution_observability,E2::evaluation-0084-sta::referential_drift::sev1::early::0::parallel,evaluation-0084-sta,parallel,referential_drift,1,early,output_only,worker-0,aggregate,5,3,0,0.3333333333333333
E3_attribution_observability,E2::evaluation-0084-sta::referential_drift::sev1::early::0::parallel,evaluation-0084-sta,parallel,referential_drift,1,early,sparse_trace,worker-0,worker-0,5,1,1,1.0
E3_attribution_observability,E2::evaluation-0084-sta::referential_drift::sev1::early::0::parallel,evaluation-0084-sta,parallel,referential_drift,1,early,full_trace,worker-0,worker-0,5,1,1,1.0
E3_attribution_observability,E2::evaluation-0073-con::truncation::sev2::middle::0::parallel,evaluation-0073-con,parallel,truncation,2,middle,output_only,worker-2,aggregate,5,3,0,0.3333333333333333
E3_attribution_observability,E2::evaluation-0073-con::truncation::sev2::middle::0::parallel,evaluation-0073-con,parallel,truncation,2,middle,sparse_trace,worker-2,worker-2,5,1,1,1.0
E3_attribution_observability,E2::evaluation-0073-con::truncation::sev2::middle::0::parallel,evaluation-0073-con,parallel,truncation,2,middle,full_trace,worker-2,worker-2,5,1,1,1.0
E3_attribution_observability,E2::evaluation-0090-ari::wrong_value::sev2::early::0::hierarchical,evaluation-0090-ari,hierarchical,wrong_value,2,early,output_only,worker-0,root,7,4,0,0.25
E3_attribution_observability,E2::evaluation-0090-ari::wrong_value::sev2::early::0::hierarchical,evaluation-0090-ari,hierarchical,wrong_value,2,early,sparse_trace,worker-0,worker-0,7,1,1,1.0
E3_attribution_observability,E2::evaluation-0090-ari::wrong_value::sev2::early::0::hierarchical,evaluation-0090-ari,hierarchical,wrong_value,2,early,full_trace,worker-0,worker-0,7,1,1,1.0
E3_attribution_observability,E2::evaluation-0065-ari::truncation::sev1::middle::1::hierarchical,evaluation-0065-ari,hierarchical,truncation,1,middle,output_only,manager-0,root,7,5,0,0.2
E3_attribution_observability,E2::evaluation-0065-ari::truncation::sev1::middle::1::hierarchical,evaluation-0065-ari,hierarchical,truncation,1,middle,sparse_trace,manager-0,manager-0,7,1,1,1.0
E3_attribution_observability,E2::evaluation-0065-ari::truncation::sev1::middle::1::hierarchical,evaluation-0065-ari,hierarchical,truncation,1,middle,full_trace,manager-0,manager-0,7,1,1,1.0
E3_attribution_observability,E2::evaluation-0106-sha::wrong_value::sev2::early::1::single,evaluation-0106-sha,single,wrong_value,2,early,output_only,step-0,step-3,4,3,0,0.3333333333333333
E3_attribution_observability,E2::evaluation-0106-sha::wrong_value::sev2::early::1::single,evaluation-0106-sha,single,wrong_value,2,early,sparse_trace,step-0,step-0,4,1,1,1.0
E3_attribution_observability,E2::evaluation-0106-sha::wrong_value::sev2::early::1::single,evaluation-0106-sha,single,wrong_value,2,early,full_trace,step-0,step-0,4,1,1,1.0
E3_attribution_observability,E2::evaluation-0112-evi::truncation::sev1::middle::0::sequential,evaluation-0112-evi,sequential,truncation,1,middle,output_only,step-2,step-3,4,4,0,0.25
E3_attribution_observability,E2::evaluation-0112-evi::truncation::sev1::middle::0::sequential,evaluation-0112-evi,sequential,truncation,1,middle,sparse_trace,step-2,step-2,4,1,1,1.0
E3_attribution_observability,E2::evaluation-0112-evi::truncation::sev1::middle::0::sequential,evaluation-0112-evi,sequential,truncation,1,middle,full_trace,step-2,step-2,4,1,1,1.0
E3_attribution_observability,E2::evaluation-0101-sha::referential_drift::sev1::late::0::hierarchical,evaluation-0101-sha,hierarchical,referential_drift,1,late,output_only,root,root,7,1,1,1.0
E3_attribution_observability,E2::evaluation-0101-sha::referential_drift::sev1::late::0::hierarchical,evaluation-0101-sha,hierarchical,referential_drift,1,late,sparse_trace,root,root,7,1,1,1.0
E3_attribution_observability,E2::evaluation-0101-sha::referential_drift::sev1::late::0::hierarchical,evaluation-0101-sha,hierarchical,referential_drift,1,late,full_trace,root,root,7,1,1,1.0
E3_attribution_observability,E2::evaluation-0084-sta::referential_drift::sev1::late::0::sequential,evaluation-0084-sta,sequential,referential_drift,1,late,output_only,step-3,step-3,4,1,1,1.0
E3_attribution_observability,E2::evaluation-0084-sta::referential_drift::sev1::late::0::sequential,evaluation-0084-sta,sequential,referential_drift,1,late,sparse_trace,step-3,step-3,4,1,1,1.0
E3_attribution_observability,E2::evaluation-0084-sta::referential_drift::sev1::late::0::sequential,evaluation-0084-sta,sequential,referential_drift,1,late,full_trace,step-3,step-3,4,1,1,1.0
E3_attribution_observability,E2::evaluation-0083-con::truncation::sev1::early::1::parallel,evaluation-0083-con,parallel,truncation,1,early,output_only,worker-0,aggregate,5,4,0,0.25
E3_attribution_observability,E2::evaluation-0083-con::truncation::sev1::early::1::parallel,evaluation-0083-con,parallel,truncation,1,early,sparse_trace,worker-0,worker-0,5,1,1,1.0
E3_attribution_observability,E2::evaluation-0083-con::truncation::sev1::early::1::parallel,evaluation-0083-con,parallel,truncation,1,early,full_trace,worker-0,worker-0,5,1,1,1.0
E3_attribution_observability,E2::evaluation-0060-ari::truncation::sev1::late::1::single,evaluation-0060-ari,single,truncation,1,late,output_only,step-3,step-3,4,1,1,1.0
E3_attribution_observability,E2::evaluation-0060-ari::truncation::sev1::late::1::single,evaluation-0060-ari,single,truncation,1,late,sparse_trace,step-3,step-3,4,1,1,1.0
E3_attribution_observability,E2::evaluation-0060-ari::truncation::sev1::late::1::single,evaluation-0060-ari,single,truncation,1,late,full_trace,step-3,step-3,4,1,1,1.0
E3_attribution_observability,E2::evaluation-0068-con::truncation::sev1::late::0::sequential,evaluation-0068-con,sequential,truncation,1,late,output_only,step-3,step-3,4,1,1,1.0
E3_attribution_observability,E2::evaluation-0068-con::truncation::sev1::late::0::sequential,evaluation-0068-con,sequential,truncation,1,late,sparse_trace,step-3,step-3,4,1,1,1.0
E3_attribution_observability,E2::evaluation-0068-con::truncation::sev1::late::0::sequential,evaluation-0068-con,sequential,truncation,1,late,full_trace,step-3,step-3,4,1,1,1.0
E3_attribution_observability,E2::evaluation-0101-sha::referential_drift::sev2::early::1::hierarchical,evaluation-0101-sha,hierarchical,referential_drift,2,early,output_only,worker-0,root,7,2,0,0.5
E3_attribution_observability,E2::evaluation-0101-sha::referential_drift::sev2::early::1::hierarchical,evaluation-0101-sha,hierarchical,referential_drift,2,early,sparse_trace,worker-0,worker-0,7,1,1,1.0
E3_attribution_observability,E2::evaluation-0101-sha::referential_drift::sev2::early::1::hierarchical,evaluation-0101-sha,hierarchical,referential_drift,2,early,full_trace,worker-0,worker-0,7,1,1,1.0
E3_attribution_observability,E2::evaluation-0077-evi::truncation::sev2::middle::1::hierarchical,evaluation-0077-evi,hierarchical,truncation,2,middle,output_only,manager-0,root,7,7,0,0.14285714285714285
E3_attribution_observability,E2::evaluation-0077-evi::truncation::sev2::middle::1::hierarchical,evaluation-0077-evi,hierarchical,truncation,2,middle,sparse_trace,manager-0,manager-0,7,1,1,1.0
E3_attribution_observability,E2::evaluation-0077-evi::truncation::sev2::middle::1::hierarchical,evaluation-0077-evi,hierarchical,truncation,2,middle,full_trace,manager-0,manager-0,7,1,1,1.0
E3_attribution_observability,E2::evaluation-0113-con::truncation::sev1::late::0::sequential,evaluation-0113-con,sequential,truncation,1,late,output_only,step-3,step-3,4,1,1,1.0
E3_attribution_observability,E2::evaluation-0113-con::truncation::sev1::late::0::sequential,evaluation-0113-con,sequential,truncation,1,late,sparse_trace,step-3,step-1,4,4,0,0.25
E3_attribution_observability,E2::evaluation-0113-con::truncation::sev1::late::0::sequential,evaluation-0113-con,sequential,truncation,1,late,full_trace,step-3,step-3,4,1,1,1.0
E3_attribution_observability,E2::evaluation-0089-sta::referential_drift::sev2::middle::0::hierarchical,evaluation-0089-sta,hierarchical,referential_drift,2,middle,output_only,manager-0,root,7,3,0,0.3333333333333333
E3_attribution_observability,E2::evaluation-0089-sta::referential_drift::sev2::middle::0::hierarchical,evaluation-0089-sta,hierarchical,referential_drift,2,middle,sparse_trace,manager-0,manager-0,7,1,1,1.0
E3_attribution_observability,E2::evaluation-0089-sta::referential_drift::sev2::middle::0::hierarchical,evaluation-0089-sta,hierarchical,referential_drift,2,middle,full_trace,manager-0,manager-0,7,1,1,1.0
E3_attribution_observability,E2::evaluation-0072-evi::truncation::sev1::late::1::parallel,evaluation-0072-evi,parallel,truncation,1,late,output_only,aggregate,aggregate,5,1,1,1.0
E3_attribution_observability,E2::evaluation-0072-evi::truncation::sev1::late::1::parallel,evaluation-0072-evi,parallel,truncation,1,late,sparse_trace,aggregate,aggregate,5,1,1,1.0
E3_attribution_observability,E2::evaluation-0072-evi::truncation::sev1::late::1::parallel,evaluation-0072-evi,parallel,truncation,1,late,full_trace,aggregate,aggregate,5,1,1,1.0
E3_attribution_observability,E2::evaluation-0094-sta::referential_drift::sev2::middle::0::parallel,evaluation-0094-sta,parallel,referential_drift,2,middle,output_only,worker-2,aggregate,5,4,0,0.25
E3_attribution_observability,E2::evaluation-0094-sta::referential_drift::sev2::middle::0::parallel,evaluation-0094-sta,parallel,referential_drift,2,middle,sparse_trace,worker-2,worker-2,5,1,1,1.0
E3_attribution_observability,E2::evaluation-0094-sta::referential_drift::sev2::middle::0::parallel,evaluation-0094-sta,parallel,referential_drift,2,middle,full_trace,worker-2,worker-2,5,1,1,1.0
E3_attribution_observability,E2::evaluation-0113-con::truncation::sev1::early::0::single,evaluation-0113-con,single,truncation,1,early,output_only,step-0,step-3,4,2,0,0.5
E3_attribution_observability,E2::evaluation-0113-con::truncation::sev1::early::0::single,evaluation-0113-con,single,truncation,1,early,sparse_trace,step-0,step-0,4,1,1,1.0
E3_attribution_observability,E2::evaluation-0113-con::truncation::sev1::early::0::single,evaluation-0113-con,single,truncation,1,early,full_trace,step-0,step-0,4,1,1,1.0
E3_attribution_observability,E2::evaluation-0108-con::wrong_value::sev1::early::0::parallel,evaluation-0108-con,parallel,wrong_value,1,early,output_only,worker-0,aggregate,5,3,0,0.3333333333333333
E3_attribution_observability,E2::evaluation-0108-con::wrong_value::sev1::early::0::parallel,evaluation-0108-con,parallel,wrong_value,1,early,sparse_trace,worker-0,worker-0,5,1,1,1.0
E3_attribution_observability,E2::evaluation-0108-con::wrong_value::sev1::early::0::parallel,evaluation-0108-con,parallel,wrong_value,1,early,full_trace,worker-0,worker-0,5,1,1,1.0
E3_attribution_observability,E2::evaluation-0112-evi::timeout::sev1::early::1::sequential,evaluation-0112-evi,sequential,timeout,1,early,output_only,step-0,step-3,4,2,0,0.5
E3_attribution_observability,E2::evaluation-0112-evi::timeout::sev1::early::1::sequential,evaluation-0112-evi,sequential,timeout,1,early,sparse_trace,step-0,step-0,4,1,1,1.0
E3_attribution_observability,E2::evaluation-0112-evi::timeout::sev1::early::1::sequential,evaluation-0112-evi,sequential,timeout,1,early,full_trace,step-0,step-0,4,1,1,1.0
E3_attribution_observability,E2::evaluation-0116-sha::referential_drift::sev2::middle::1::single,evaluation-0116-sha,single,referential_drift,2,middle,output_only,step-2,step-3,4,2,0,0.5
E3_attribution_observability,E2::evaluation-0116-sha::referential_drift::sev2::middle::1::single,evaluation-0116-sha,single,referential_drift,2,middle,sparse_trace,step-2,step-0,4,2,0,0.5
E3_attribution_observability,E2::evaluation-0116-sha::referential_drift::sev2::middle::1::single,evaluation-0116-sha,single,referential_drift,2,middle,full_trace,step-2,step-0,4,3,0,0.3333333333333333
E3_attribution_observability,E2::evaluation-0088-con::timeout::sev2::early::0::single,evaluation-0088-con,single,timeout,2,early,output_only,step-0,step-3,4,2,0,0.5
E3_attribution_observability,E2::evaluation-0088-con::timeout::sev2::early::0::single,evaluation-0088-con,single,timeout,2,early,sparse_trace,step-0,step-0,4,1,1,1.0
E3_attribution_observability,E2::evaluation-0088-con::timeout::sev2::early::0::single,evaluation-0088-con,single,timeout,2,early,full_trace,step-0,step-0,4,1,1,1.0
E3_attribution_observability,E2::evaluation-0103-con::timeout::sev2::late::1::hierarchical,evaluation-0103-con,hierarchical,timeout,2,late,output_only,root,root,7,1,1,1.0
E3_attribution_observability,E2::evaluation-0103-con::timeout::sev2::late::1::hierarchical,evaluation-0103-con,hierarchical,timeout,2,late,sparse_trace,root,root,7,1,1,1.0
E3_attribution_observability,E2::evaluation-0103-con::timeout::sev2::late::1::hierarchical,evaluation-0103-con,hierarchical,timeout,2,late,full_trace,root,manager-1,7,2,0,0.5
E3_attribution_observability,E2::evaluation-0113-con::truncation::sev2::early::1::hierarchical,evaluation-0113-con,hierarchical,truncation,2,early,output_only,worker-0,root,7,7,0,0.14285714285714285
E3_attribution_observability,E2::evaluation-0113-con::truncation::sev2::early::1::hierarchical,evaluation-0113-con,hierarchical,truncation,2,early,sparse_trace,worker-0,worker-0,7,1,1,1.0
E3_attribution_observability,E2::evaluation-0113-con::truncation::sev2::early::1::hierarchical,evaluation-0113-con,hierarchical,truncation,2,early,full_trace,worker-0,worker-0,7,1,1,1.0
E3_attribution_observability,E2::evaluation-0111-sha::truncation::sev1::early::0::sequential,evaluation-0111-sha,sequential,truncation,1,early,output_only,step-0,step-3,4,4,0,0.25
E3_attribution_observability,E2::evaluation-0111-sha::truncation::sev1::early::0::sequential,evaluation-0111-sha,sequential,truncation,1,early,sparse_trace,step-0,step-0,4,1,1,1.0
E3_attribution_observability,E2::evaluation-0111-sha::truncation::sev1::early::0::sequential,evaluation-0111-sha,sequential,truncation,1,early,full_trace,step-0,step-0,4,1,1,1.0
E3_attribution_observability,E2::evaluation-0073-con::timeout::sev2::middle::1::single,evaluation-0073-con,single,timeout,2,middle,output_only,step-2,step-3,4,2,0,0.5
E3_attribution_observability,E2::evaluation-0073-con::timeout::sev2::middle::1::single,evaluation-0073-con,single,timeout,2,middle,sparse_trace,step-2,step-2,4,1,1,1.0
E3_attribution_observability,E2::evaluation-0073-con::timeout::sev2::middle::1::single,evaluation-0073-con,single,timeout,2,middle,full_trace,step-2,step-2,4,1,1,1.0
E3_attribution_observability,E2::evaluation-0085-ari::timeout::sev2::early::0::parallel,evaluation-0085-ari,parallel,timeout,2,early,output_only,worker-0,aggregate,5,3,0,0.3333333333333333
E3_attribution_observability,E2::evaluation-0085-ari::timeout::sev2::early::0::parallel,evaluation-0085-ari,parallel,timeout,2,early,sparse_trace,worker-0,worker-0,5,1,1,1.0
E3_attribution_observability,E2::evaluation-0085-ari::timeout::sev2::early::0::parallel,evaluation-0085-ari,parallel,timeout,2,early,full_trace,worker-0,worker-0,5,1,1,1.0
E3_attribution_observability,E2::evaluation-0074-sta::wrong_value::sev2::early::1::parallel,evaluation-0074-sta,parallel,wrong_value,2,early,output_only,worker-0,aggregate,5,2,0,0.5
E3_attribution_observability,E2::evaluation-0074-sta::wrong_value::sev2::early::1::parallel,evaluation-0074-sta,parallel,wrong_value,2,early,sparse_trace,worker-0,worker-0,5,1,1,1.0
E3_attribution_observability,E2::evaluation-0074-sta::wrong_value::sev2::early::1::parallel,evaluation-0074-sta,parallel,wrong_value,2,early,full_trace,worker-0,worker-0,5,1,1,1.0
E3_attribution_observability,E2::evaluation-0075-ari::wrong_value::sev2::middle::1::parallel,evaluation-0075-ari,parallel,wrong_value,2,middle,output_only,worker-2,aggregate,5,4,0,0.25
E3_attribution_observability,E2::evaluation-0075-ari::wrong_value::sev2::middle::1::parallel,evaluation-0075-ari,parallel,wrong_value,2,middle,sparse_trace,worker-2,worker-2,5,1,1,1.0
E3_attribution_observability,E2::evaluation-0075-ari::wrong_value::sev2::middle::1::parallel,evaluation-0075-ari,parallel,wrong_value,2,middle,full_trace,worker-2,worker-2,5,1,1,1.0
E3_attribution_observability,E2::evaluation-0103-con::truncation::sev1::early::0::sequential,evaluation-0103-con,sequential,truncation,1,early,output_only,step-0,step-3,4,4,0,0.25
E3_attribution_observability,E2::evaluation-0103-con::truncation::sev1::early::0::sequential,evaluation-0103-con,sequential,truncation,1,early,sparse_trace,step-0,step-0,4,1,1,1.0
E3_attribution_observability,E2::evaluation-0103-con::truncation::sev1::early::0::sequential,evaluation-0103-con,sequential,truncation,1,early,full_trace,step-0,step-0,4,1,1,1.0
E3_attribution_observability,E2::evaluation-0110-ari::referential_drift::sev1::middle::0::sequential,evaluation-0110-ari,sequential,referential_drift,1,middle,output_only,step-2,step-3,4,2,0,0.5
E3_attribution_observability,E2::evaluation-0110-ari::referential_drift::sev1::middle::0::sequential,evaluation-0110-ari,sequential,referential_drift,1,middle,sparse_trace,step-2,step-2,4,1,1,1.0
E3_attribution_observability,E2::evaluation-0110-ari::referential_drift::sev1::middle::0::sequential,evaluation-0110-ari,sequential,referential_drift,1,middle,full_trace,step-2,step-2,4,1,1,1.0
E3_attribution_observability,E2::evaluation-0092-evi::referential_drift::sev1::middle::1::parallel,evaluation-0092-evi,parallel,referential_drift,1,middle,output_only,worker-2,aggregate,5,4,0,0.25
E3_attribution_observability,E2::evaluation-0092-evi::referential_drift::sev1::middle::1::parallel,evaluation-0092-evi,parallel,referential_drift,1,middle,sparse_trace,worker-2,worker-2,5,1,1,1.0
E3_attribution_observability,E2::evaluation-0092-evi::referential_drift::sev1::middle::1::parallel,evaluation-0092-evi,parallel,referential_drift,1,middle,full_trace,worker-2,worker-2,5,1,1,1.0
E3_attribution_observability,E2::evaluation-0077-evi::truncation::sev1::late::1::sequential,evaluation-0077-evi,sequential,truncation,1,late,output_only,step-3,step-3,4,1,1,1.0
E3_attribution_observability,E2::evaluation-0077-evi::truncation::sev1::late::1::sequential,evaluation-0077-evi,sequential,truncation,1,late,sparse_trace,step-3,step-2,4,3,0,0.3333333333333333
E3_attribution_observability,E2::evaluation-0077-evi::truncation::sev1::late::1::sequential,evaluation-0077-evi,sequential,truncation,1,late,full_trace,step-3,step-3,4,1,1,1.0
E3_attribution_observability,E2::evaluation-0078-con::timeout::sev2::middle::1::single,evaluation-0078-con,single,timeout,2,middle,output_only,step-2,step-3,4,3,0,0.3333333333333333
E3_attribution_observability,E2::evaluation-0078-con::timeout::sev2::middle::1::single,evaluation-0078-con,single,timeout,2,middle,sparse_trace,step-2,step-2,4,1,1,1.0
E3_attribution_observability,E2::evaluation-0078-con::timeout::sev2::middle::1::single,evaluation-0078-con,single,timeout,2,middle,full_trace,step-2,step-2,4,1,1,1.0
E3_attribution_observability,E2::evaluation-0113-con::truncation::sev2::middle::0::single,evaluation-0113-con,single,truncation,2,middle,output_only,step-2,step-3,4,4,0,0.25
E3_attribution_observability,E2::evaluation-0113-con::truncation::sev2::middle::0::single,evaluation-0113-con,single,truncation,2,middle,sparse_trace,step-2,step-2,4,1,1,1.0
E3_attribution_observability,E2::evaluation-0113-con::truncation::sev2::middle::0::single,evaluation-0113-con,single,truncation,2,middle,full_trace,step-2,step-2,4,1,1,1.0
E3_attribution_observability,E2::evaluation-0086-sha::truncation::sev2::late::1::parallel,evaluation-0086-sha,parallel,truncation,2,late,output_only,aggregate,aggregate,5,1,1,1.0
E3_attribution_observability,E2::evaluation-0086-sha::truncation::sev2::late::1::parallel,evaluation-0086-sha,parallel,truncation,2,late,sparse_trace,aggregate,aggregate,5,1,1,1.0
E3_attribution_observability,E2::evaluation-0086-sha::truncation::sev2::late::1::parallel,evaluation-0086-sha,parallel,truncation,2,late,full_trace,aggregate,aggregate,5,1,1,1.0
E3_attribution_observability,E2::evaluation-0099-sta::referential_drift::sev1::late::1::single,evaluation-0099-sta,single,referential_drift,1,late,output_only,step-3,step-3,4,1,1,1.0
E3_attribution_observability,E2::evaluation-0099-sta::referential_drift::sev1::late::1::single,evaluation-0099-sta,single,referential_drift,1,late,sparse_trace,step-3,step-1,4,3,0,0.3333333333333333
E3_attribution_observability,E2::evaluation-0099-sta::referential_drift::sev1::late::1::single,evaluation-0099-sta,single,referential_drift,1,late,full_trace,step-3,step-3,4,1,1,1.0
E3_attribution_observability,E2::evaluation-0076-sha::wrong_value::sev1::early::0::hierarchical,evaluation-0076-sha,hierarchical,wrong_value,1,early,output_only,worker-0,root,7,3,0,0.3333333333333333
E3_attribution_observability,E2::evaluation-0076-sha::wrong_value::sev1::early::0::hierarchical,evaluation-0076-sha,hierarchical,wrong_value,1,early,sparse_trace,worker-0,worker-0,7,1,1,1.0
E3_attribution_observability,E2::evaluation-0076-sha::wrong_value::sev1::early::0::hierarchical,evaluation-0076-sha,hierarchical,wrong_value,1,early,full_trace,worker-0,worker-0,7,1,1,1.0
E3_attribution_observability,E2::evaluation-0064-sta::referential_drift::sev1::middle::1::sequential,evaluation-0064-sta,sequential,referential_drift,1,middle,output_only,step-2,step-3,4,2,0,0.5
E3_attribution_observability,E2::evaluation-0064-sta::referential_drift::sev1::middle::1::sequential,evaluation-0064-sta,sequential,referential_drift,1,middle,sparse_trace,step-2,step-2,4,1,1,1.0
E3_attribution_observability,E2::evaluation-0064-sta::referential_drift::sev1::middle::1::sequential,evaluation-0064-sta,sequential,referential_drift,1,middle,full_trace,step-2,step-2,4,1,1,1.0
E3_attribution_observability,E2::evaluation-0100-ari::wrong_value::sev2::late::1::parallel,evaluation-0100-ari,parallel,wrong_value,2,late,output_only,aggregate,aggregate,5,1,1,1.0
E3_attribution_observability,E2::evaluation-0100-ari::wrong_value::sev2::late::1::parallel,evaluation-0100-ari,parallel,wrong_value,2,late,sparse_trace,aggregate,worker-1,5,3,0,0.3333333333333333
E3_attribution_observability,E2::evaluation-0100-ari::wrong_value::sev2::late::1::parallel,evaluation-0100-ari,parallel,wrong_value,2,late,full_trace,aggregate,worker-1,5,3,0,0.3333333333333333
E3_attribution_observability,E2::evaluation-0114-sta::wrong_value::sev2::early::0::sequential,evaluation-0114-sta,sequential,wrong_value,2,early,output_only,step-0,step-3,4,4,0,0.25
E3_attribution_observability,E2::evaluation-0114-sta::wrong_value::sev2::early::0::sequential,evaluation-0114-sta,sequential,wrong_value,2,early,sparse_trace,step-0,step-0,4,1,1,1.0
E3_attribution_observability,E2::evaluation-0114-sta::wrong_value::sev2::early::0::sequential,evaluation-0114-sta,sequential,wrong_value,2,early,full_trace,step-0,step-0,4,1,1,1.0
E3_attribution_observability,E2::evaluation-0068-con::referential_drift::sev1::early::1::single,evaluation-0068-con,single,referential_drift,1,early,output_only,step-0,step-1,4,3,0,0.3333333333333333
E3_attribution_observability,E2::evaluation-0068-con::referential_drift::sev1::early::1::single,evaluation-0068-con,single,referential_drift,1,early,sparse_trace,step-0,step-0,4,1,1,1.0
E3_attribution_observability,E2::evaluation-0068-con::referential_drift::sev1::early::1::single,evaluation-0068-con,single,referential_drift,1,early,full_trace,step-0,step-0,4,1,1,1.0
E3_attribution_observability,E2::evaluation-0084-sta::timeout::sev1::early::0::parallel,evaluation-0084-sta,parallel,timeout,1,early,output_only,worker-0,aggregate,5,5,0,0.2
E3_attribution_observability,E2::evaluation-0084-sta::timeout::sev1::early::0::parallel,evaluation-0084-sta,parallel,timeout,1,early,sparse_trace,worker-0,worker-0,5,1,1,1.0
E3_attribution_observability,E2::evaluation-0084-sta::timeout::sev1::early::0::parallel,evaluation-0084-sta,parallel,timeout,1,early,full_trace,worker-0,worker-0,5,1,1,1.0
E3_attribution_observability,E2::evaluation-0108-con::wrong_value::sev1::middle::1::parallel,evaluation-0108-con,parallel,wrong_value,1,middle,output_only,worker-2,aggregate,5,2,0,0.5
E3_attribution_observability,E2::evaluation-0108-con::wrong_value::sev1::middle::1::parallel,evaluation-0108-con,parallel,wrong_value,1,middle,sparse_trace,worker-2,worker-2,5,1,1,1.0
E3_attribution_observability,E2::evaluation-0108-con::wrong_value::sev1::middle::1::parallel,evaluation-0108-con,parallel,wrong_value,1,middle,full_trace,worker-2,worker-2,5,1,1,1.0
E3_attribution_observability,E2::evaluation-0091-sha::wrong_value::sev1::late::0::hierarchical,evaluation-0091-sha,hierarchical,wrong_value,1,late,output_only,root,root,7,1,1,1.0
E3_attribution_observability,E2::evaluation-0091-sha::wrong_value::sev1::late::0::hierarchical,evaluation-0091-sha,hierarchical,wrong_value,1,late,sparse_trace,root,root,7,1,1,1.0
E3_attribution_observability,E2::evaluation-0091-sha::wrong_value::sev1::late::0::hierarchical,evaluation-0091-sha,hierarchical,wrong_value,1,late,full_trace,root,root,7,1,1,1.0
E3_attribution_observability,E2::evaluation-0101-sha::timeout::sev2::early::1::hierarchical,evaluation-0101-sha,hierarchical,timeout,2,early,output_only,worker-0,root,7,6,0,0.16666666666666666
E3_attribution_observability,E2::evaluation-0101-sha::timeout::sev2::early::1::hierarchical,evaluation-0101-sha,hierarchical,timeout,2,early,sparse_trace,worker-0,worker-0,7,1,1,1.0
E3_attribution_observability,E2::evaluation-0101-sha::timeout::sev2::early::1::hierarchical,evaluation-0101-sha,hierarchical,timeout,2,early,full_trace,worker-0,worker-0,7,1,1,1.0
E3_attribution_observability,E2::evaluation-0065-ari::timeout::sev2::late::1::parallel,evaluation-0065-ari,parallel,timeout,2,late,output_only,aggregate,aggregate,5,1,1,1.0
E3_attribution_observability,E2::evaluation-0065-ari::timeout::sev2::late::1::parallel,evaluation-0065-ari,parallel,timeout,2,late,sparse_trace,aggregate,aggregate,5,1,1,1.0
E3_attribution_observability,E2::evaluation-0065-ari::timeout::sev2::late::1::parallel,evaluation-0065-ari,parallel,timeout,2,late,full_trace,aggregate,aggregate,5,1,1,1.0
E3_attribution_observability,E2::evaluation-0077-evi::truncation::sev2::early::0::single,evaluation-0077-evi,single,truncation,2,early,output_only,step-0,step-3,4,3,0,0.3333333333333333
E3_attribution_observability,E2::evaluation-0077-evi::truncation::sev2::early::0::single,evaluation-0077-evi,single,truncation,2,early,sparse_trace,step-0,step-0,4,1,1,1.0
E3_attribution_observability,E2::evaluation-0077-evi::truncation::sev2::early::0::single,evaluation-0077-evi,single,truncation,2,early,full_trace,step-0,step-0,4,1,1,1.0
E3_attribution_observability,E2::evaluation-0068-con::referential_drift::sev1::late::1::parallel,evaluation-0068-con,parallel,referential_drift,1,late,output_only,aggregate,aggregate,5,1,1,1.0
E3_attribution_observability,E2::evaluation-0068-con::referential_drift::sev1::late::1::parallel,evaluation-0068-con,parallel,referential_drift,1,late,sparse_trace,aggregate,worker-0,5,2,0,0.5
E3_attribution_observability,E2::evaluation-0068-con::referential_drift::sev1::late::1::parallel,evaluation-0068-con,parallel,referential_drift,1,late,full_trace,aggregate,worker-0,5,2,0,0.5
E3_attribution_observability,E2::evaluation-0074-sta::timeout::sev1::middle::1::sequential,evaluation-0074-sta,sequential,timeout,1,middle,output_only,step-2,step-3,4,3,0,0.3333333333333333
E3_attribution_observability,E2::evaluation-0074-sta::timeout::sev1::middle::1::sequential,evaluation-0074-sta,sequential,timeout,1,middle,sparse_trace,step-2,step-2,4,1,1,1.0
E3_attribution_observability,E2::evaluation-0074-sta::timeout::sev1::middle::1::sequential,evaluation-0074-sta,sequential,timeout,1,middle,full_trace,step-2,step-2,4,1,1,1.0
E3_attribution_observability,E2::evaluation-0067-evi::timeout::sev2::middle::1::single,evaluation-0067-evi,single,timeout,2,middle,output_only,step-2,step-3,4,2,0,0.5
E3_attribution_observability,E2::evaluation-0067-evi::timeout::sev2::middle::1::single,evaluation-0067-evi,single,timeout,2,middle,sparse_trace,step-2,step-2,4,1,1,1.0
E3_attribution_observability,E2::evaluation-0067-evi::timeout::sev2::middle::1::single,evaluation-0067-evi,single,timeout,2,middle,full_trace,step-2,step-2,4,1,1,1.0
E3_attribution_observability,E2::evaluation-0115-ari::truncation::sev2::early::0::sequential,evaluation-0115-ari,sequential,truncation,2,early,output_only,step-0,step-3,4,2,0,0.5
E3_attribution_observability,E2::evaluation-0115-ari::truncation::sev2::early::0::sequential,evaluation-0115-ari,sequential,truncation,2,early,sparse_trace,step-0,step-0,4,1,1,1.0
E3_attribution_observability,E2::evaluation-0115-ari::truncation::sev2::early::0::sequential,evaluation-0115-ari,sequential,truncation,2,early,full_trace,step-0,step-0,4,1,1,1.0
E3_attribution_observability,E2::evaluation-0103-con::truncation::sev1::late::1::parallel,evaluation-0103-con,parallel,truncation,1,late,output_only,aggregate,aggregate,5,1,1,1.0
E3_attribution_observability,E2::evaluation-0103-con::truncation::sev1::late::1::parallel,evaluation-0103-con,parallel,truncation,1,late,sparse_trace,aggregate,aggregate,5,1,1,1.0
E3_attribution_observability,E2::evaluation-0103-con::truncation::sev1::late::1::parallel,evaluation-0103-con,parallel,truncation,1,late,full_trace,aggregate,aggregate,5,1,1,1.0
E3_attribution_observability,E2::evaluation-0065-ari::wrong_value::sev2::early::0::sequential,evaluation-0065-ari,sequential,wrong_value,2,early,output_only,step-0,step-3,4,2,0,0.5
E3_attribution_observability,E2::evaluation-0065-ari::wrong_value::sev2::early::0::sequential,evaluation-0065-ari,sequential,wrong_value,2,early,sparse_trace,step-0,step-0,4,1,1,1.0
E3_attribution_observability,E2::evaluation-0065-ari::wrong_value::sev2::early::0::sequential,evaluation-0065-ari,sequential,wrong_value,2,early,full_trace,step-0,step-0,4,1,1,1.0
E3_attribution_observability,E2::evaluation-0064-sta::truncation::sev1::middle::0::hierarchical,evaluation-0064-sta,hierarchical,truncation,1,middle,output_only,manager-0,root,7,6,0,0.16666666666666666
E3_attribution_observability,E2::evaluation-0064-sta::truncation::sev1::middle::0::hierarchical,evaluation-0064-sta,hierarchical,truncation,1,middle,sparse_trace,manager-0,manager-0,7,1,1,1.0
E3_attribution_observability,E2::evaluation-0064-sta::truncation::sev1::middle::0::hierarchical,evaluation-0064-sta,hierarchical,truncation,1,middle,full_trace,manager-0,manager-0,7,1,1,1.0
E3_attribution_observability,E2::evaluation-0071-sha::wrong_value::sev1::late::1::sequential,evaluation-0071-sha,sequential,wrong_value,1,late,output_only,step-3,step-3,4,1,1,1.0
E3_attribution_observability,E2::evaluation-0071-sha::wrong_value::sev1::late::1::sequential,evaluation-0071-sha,sequential,wrong_value,1,late,sparse_trace,step-3,step-1,4,4,0,0.25
E3_attribution_observability,E2::evaluation-0071-sha::wrong_value::sev1::late::1::sequential,evaluation-0071-sha,sequential,wrong_value,1,late,full_trace,step-3,step-3,4,1,1,1.0
E3_attribution_observability,E2::evaluation-0075-ari::timeout::sev2::middle::0::sequential,evaluation-0075-ari,sequential,timeout,2,middle,output_only,step-2,step-3,4,3,0,0.3333333333333333
E3_attribution_observability,E2::evaluation-0075-ari::timeout::sev2::middle::0::sequential,evaluation-0075-ari,sequential,timeout,2,middle,sparse_trace,step-2,step-2,4,1,1,1.0
E3_attribution_observability,E2::evaluation-0075-ari::timeout::sev2::middle::0::sequential,evaluation-0075-ari,sequential,timeout,2,middle,full_trace,step-2,step-2,4,1,1,1.0
E3_attribution_observability,E2::evaluation-0119-sta::wrong_value::sev2::early::1::hierarchical,evaluation-0119-sta,hierarchical,wrong_value,2,early,output_only,worker-0,root,7,2,0,0.5
E3_attribution_observability,E2::evaluation-0119-sta::wrong_value::sev2::early::1::hierarchical,evaluation-0119-sta,hierarchical,wrong_value,2,early,sparse_trace,worker-0,worker-0,7,1,1,1.0
E3_attribution_observability,E2::evaluation-0119-sta::wrong_value::sev2::early::1::hierarchical,evaluation-0119-sta,hierarchical,wrong_value,2,early,full_trace,worker-0,worker-0,7,1,1,1.0
E3_attribution_observability,E2::evaluation-0074-sta::truncation::sev2::middle::0::sequential,evaluation-0074-sta,sequential,truncation,2,middle,output_only,step-2,step-3,4,3,0,0.3333333333333333
E3_attribution_observability,E2::evaluation-0074-sta::truncation::sev2::middle::0::sequential,evaluation-0074-sta,sequential,truncation,2,middle,sparse_trace,step-2,step-2,4,1,1,1.0
E3_attribution_observability,E2::evaluation-0074-sta::truncation::sev2::middle::0::sequential,evaluation-0074-sta,sequential,truncation,2,middle,full_trace,step-2,step-2,4,1,1,1.0
E3_attribution_observability,E2::evaluation-0110-ari::referential_drift::sev1::early::1::single,evaluation-0110-ari,single,referential_drift,1,early,output_only,step-0,step-3,4,4,0,0.25
E3_attribution_observability,E2::evaluation-0110-ari::referential_drift::sev1::early::1::single,evaluation-0110-ari,single,referential_drift,1,early,sparse_trace,step-0,step-0,4,1,1,1.0
E3_attribution_observability,E2::evaluation-0110-ari::referential_drift::sev1::early::1::single,evaluation-0110-ari,single,referential_drift,1,early,full_trace,step-0,step-0,4,1,1,1.0
E3_attribution_observability,E2::evaluation-0067-evi::referential_drift::sev1::late::0::parallel,evaluation-0067-evi,parallel,referential_drift,1,late,output_only,aggregate,aggregate,5,1,1,1.0
E3_attribution_observability,E2::evaluation-0067-evi::referential_drift::sev1::late::0::parallel,evaluation-0067-evi,parallel,referential_drift,1,late,sparse_trace,aggregate,aggregate,5,1,1,1.0
E3_attribution_observability,E2::evaluation-0067-evi::referential_drift::sev1::late::0::parallel,evaluation-0067-evi,parallel,referential_drift,1,late,full_trace,aggregate,aggregate,5,1,1,1.0
E3_attribution_observability,E2::evaluation-0092-evi::timeout::sev2::early::0::parallel,evaluation-0092-evi,parallel,timeout,2,early,output_only,worker-0,aggregate,5,4,0,0.25
E3_attribution_observability,E2::evaluation-0092-evi::timeout::sev2::early::0::parallel,evaluation-0092-evi,parallel,timeout,2,early,sparse_trace,worker-0,worker-0,5,1,1,1.0
E3_attribution_observability,E2::evaluation-0092-evi::timeout::sev2::early::0::parallel,evaluation-0092-evi,parallel,timeout,2,early,full_trace,worker-0,worker-0,5,1,1,1.0
E3_attribution_observability,E2::evaluation-0075-ari::wrong_value::sev1::late::1::sequential,evaluation-0075-ari,sequential,wrong_value,1,late,output_only,step-3,step-3,4,1,1,1.0
E3_attribution_observability,E2::evaluation-0075-ari::wrong_value::sev1::late::1::sequential,evaluation-0075-ari,sequential,wrong_value,1,late,sparse_trace,step-3,step-0,4,2,0,0.5
E3_attribution_observability,E2::evaluation-0075-ari::wrong_value::sev1::late::1::sequential,evaluation-0075-ari,sequential,wrong_value,1,late,full_trace,step-3,step-3,4,1,1,1.0
E3_attribution_observability,E2::evaluation-0071-sha::wrong_value::sev2::late::0::single,evaluation-0071-sha,single,wrong_value,2,late,output_only,step-3,step-3,4,1,1,1.0
E3_attribution_observability,E2::evaluation-0071-sha::wrong_value::sev2::late::0::single,evaluation-0071-sha,single,wrong_value,2,late,sparse_trace,step-3,step-1,4,3,0,0.3333333333333333
E3_attribution_observability,E2::evaluation-0071-sha::wrong_value::sev2::late::0::single,evaluation-0071-sha,single,wrong_value,2,late,full_trace,step-3,step-3,4,1,1,1.0
E3_attribution_observability,E2::evaluation-0072-evi::truncation::sev1::early::1::parallel,evaluation-0072-evi,parallel,truncation,1,early,output_only,worker-0,aggregate,5,4,0,0.25
E3_attribution_observability,E2::evaluation-0072-evi::truncation::sev1::early::1::parallel,evaluation-0072-evi,parallel,truncation,1,early,sparse_trace,worker-0,worker-0,5,1,1,1.0
E3_attribution_observability,E2::evaluation-0072-evi::truncation::sev1::early::1::parallel,evaluation-0072-evi,parallel,truncation,1,early,full_trace,worker-0,worker-0,5,1,1,1.0
E3_attribution_observability,E2::evaluation-0085-ari::referential_drift::sev1::late::1::sequential,evaluation-0085-ari,sequential,referential_drift,1,late,output_only,step-3,step-3,4,1,1,1.0
E3_attribution_observability,E2::evaluation-0085-ari::referential_drift::sev1::late::1::sequential,evaluation-0085-ari,sequential,referential_drift,1,late,sparse_trace,step-3,step-2,4,2,0,0.5
E3_attribution_observability,E2::evaluation-0085-ari::referential_drift::sev1::late::1::sequential,evaluation-0085-ari,sequential,referential_drift,1,late,full_trace,step-3,step-2,4,2,0,0.5
E3_attribution_observability,E2::evaluation-0064-sta::timeout::sev1::middle::0::hierarchical,evaluation-0064-sta,hierarchical,timeout,1,middle,output_only,manager-0,root,7,7,0,0.14285714285714285
E3_attribution_observability,E2::evaluation-0064-sta::timeout::sev1::middle::0::hierarchical,evaluation-0064-sta,hierarchical,timeout,1,middle,sparse_trace,manager-0,manager-0,7,1,1,1.0
E3_attribution_observability,E2::evaluation-0064-sta::timeout::sev1::middle::0::hierarchical,evaluation-0064-sta,hierarchical,timeout,1,middle,full_trace,manager-0,manager-0,7,1,1,1.0
E3_attribution_observability,E2::evaluation-0113-con::referential_drift::sev1::early::0::single,evaluation-0113-con,single,referential_drift,1,early,output_only,step-0,step-3,4,4,0,0.25
E3_attribution_observability,E2::evaluation-0113-con::referential_drift::sev1::early::0::single,evaluation-0113-con,single,referential_drift,1,early,sparse_trace,step-0,step-0,4,1,1,1.0
E3_attribution_observability,E2::evaluation-0113-con::referential_drift::sev1::early::0::single,evaluation-0113-con,single,referential_drift,1,early,full_trace,step-0,step-0,4,1,1,1.0
E3_attribution_observability,E2::evaluation-0101-sha::timeout::sev1::middle::1::sequential,evaluation-0101-sha,sequential,timeout,1,middle,output_only,step-2,step-3,4,2,0,0.5
E3_attribution_observability,E2::evaluation-0101-sha::timeout::sev1::middle::1::sequential,evaluation-0101-sha,sequential,timeout,1,middle,sparse_trace,step-2,step-2,4,1,1,1.0
E3_attribution_observability,E2::evaluation-0101-sha::timeout::sev1::middle::1::sequential,evaluation-0101-sha,sequential,timeout,1,middle,full_trace,step-2,step-2,4,1,1,1.0
E3_attribution_observability,E2::evaluation-0090-ari::referential_drift::sev2::middle::0::parallel,evaluation-0090-ari,parallel,referential_drift,2,middle,output_only,worker-2,worker-0,5,3,0,0.3333333333333333
E3_attribution_observability,E2::evaluation-0090-ari::referential_drift::sev2::middle::0::parallel,evaluation-0090-ari,parallel,referential_drift,2,middle,sparse_trace,worker-2,aggregate,5,2,0,0.5
E3_attribution_observability,E2::evaluation-0090-ari::referential_drift::sev2::middle::0::parallel,evaluation-0090-ari,parallel,referential_drift,2,middle,full_trace,worker-2,worker-0,5,3,0,0.3333333333333333
E3_attribution_observability,E2::evaluation-0107-evi::truncation::sev1::early::0::sequential,evaluation-0107-evi,sequential,truncation,1,early,output_only,step-0,step-3,4,2,0,0.5
E3_attribution_observability,E2::evaluation-0107-evi::truncation::sev1::early::0::sequential,evaluation-0107-evi,sequential,truncation,1,early,sparse_trace,step-0,step-0,4,1,1,1.0
E3_attribution_observability,E2::evaluation-0107-evi::truncation::sev1::early::0::sequential,evaluation-0107-evi,sequential,truncation,1,early,full_trace,step-0,step-0,4,1,1,1.0
E3_attribution_observability,E2::evaluation-0077-evi::truncation::sev1::early::0::parallel,evaluation-0077-evi,parallel,truncation,1,early,output_only,worker-0,aggregate,5,4,0,0.25
E3_attribution_observability,E2::evaluation-0077-evi::truncation::sev1::early::0::parallel,evaluation-0077-evi,parallel,truncation,1,early,sparse_trace,worker-0,worker-0,5,1,1,1.0
E3_attribution_observability,E2::evaluation-0077-evi::truncation::sev1::early::0::parallel,evaluation-0077-evi,parallel,truncation,1,early,full_trace,worker-0,worker-0,5,1,1,1.0
E3_attribution_observability,E2::evaluation-0116-sha::truncation::sev1::middle::1::parallel,evaluation-0116-sha,parallel,truncation,1,middle,output_only,worker-2,aggregate,5,2,0,0.5
E3_attribution_observability,E2::evaluation-0116-sha::truncation::sev1::middle::1::parallel,evaluation-0116-sha,parallel,truncation,1,middle,sparse_trace,worker-2,worker-2,5,1,1,1.0
E3_attribution_observability,E2::evaluation-0116-sha::truncation::sev1::middle::1::parallel,evaluation-0116-sha,parallel,truncation,1,middle,full_trace,worker-2,worker-2,5,1,1,1.0
E3_attribution_observability,E2::evaluation-0084-sta::referential_drift::sev2::middle::1::parallel,evaluation-0084-sta,parallel,referential_drift,2,middle,output_only,worker-2,aggregate,5,2,0,0.5
E3_attribution_observability,E2::evaluation-0084-sta::referential_drift::sev2::middle::1::parallel,evaluation-0084-sta,parallel,referential_drift,2,middle,sparse_trace,worker-2,worker-2,5,1,1,1.0
E3_attribution_observability,E2::evaluation-0084-sta::referential_drift::sev2::middle::1::parallel,evaluation-0084-sta,parallel,referential_drift,2,middle,full_trace,worker-2,worker-2,5,1,1,1.0
E3_attribution_observability,E2::evaluation-0100-ari::truncation::sev2::middle::0::hierarchical,evaluation-0100-ari,hierarchical,truncation,2,middle,output_only,manager-0,root,7,7,0,0.14285714285714285
E3_attribution_observability,E2::evaluation-0100-ari::truncation::sev2::middle::0::hierarchical,evaluation-0100-ari,hierarchical,truncation,2,middle,sparse_trace,manager-0,manager-0,7,1,1,1.0
E3_attribution_observability,E2::evaluation-0100-ari::truncation::sev2::middle::0::hierarchical,evaluation-0100-ari,hierarchical,truncation,2,middle,full_trace,manager-0,manager-0,7,1,1,1.0
E3_attribution_observability,E2::evaluation-0095-ari::wrong_value::sev2::middle::0::sequential,evaluation-0095-ari,sequential,wrong_value,2,middle,output_only,step-2,step-3,4,4,0,0.25
E3_attribution_observability,E2::evaluation-0095-ari::wrong_value::sev2::middle::0::sequential,evaluation-0095-ari,sequential,wrong_value,2,middle,sparse_trace,step-2,step-2,4,1,1,1.0
E3_attribution_observability,E2::evaluation-0095-ari::wrong_value::sev2::middle::0::sequential,evaluation-0095-ari,sequential,wrong_value,2,middle,full_trace,step-2,step-2,4,1,1,1.0
E3_attribution_observability,E2::evaluation-0092-evi::truncation::sev2::early::0::parallel,evaluation-0092-evi,parallel,truncation,2,early,output_only,worker-0,aggregate,5,2,0,0.5
E3_attribution_observability,E2::evaluation-0092-evi::truncation::sev2::early::0::parallel,evaluation-0092-evi,parallel,truncation,2,early,sparse_trace,worker-0,worker-0,5,1,1,1.0
E3_attribution_observability,E2::evaluation-0092-evi::truncation::sev2::early::0::parallel,evaluation-0092-evi,parallel,truncation,2,early,full_trace,worker-0,worker-0,5,1,1,1.0
E3_attribution_observability,E2::evaluation-0106-sha::wrong_value::sev2::middle::0::sequential,evaluation-0106-sha,sequential,wrong_value,2,middle,output_only,step-2,step-3,4,4,0,0.25
E3_attribution_observability,E2::evaluation-0106-sha::wrong_value::sev2::middle::0::sequential,evaluation-0106-sha,sequential,wrong_value,2,middle,sparse_trace,step-2,step-2,4,1,1,1.0
E3_attribution_observability,E2::evaluation-0106-sha::wrong_value::sev2::middle::0::sequential,evaluation-0106-sha,sequential,wrong_value,2,middle,full_trace,step-2,step-2,4,1,1,1.0
E3_attribution_observability,E2::evaluation-0062-evi::wrong_value::sev1::early::0::single,evaluation-0062-evi,single,wrong_value,1,early,output_only,step-0,step-3,4,2,0,0.5
E3_attribution_observability,E2::evaluation-0062-evi::wrong_value::sev1::early::0::single,evaluation-0062-evi,single,wrong_value,1,early,sparse_trace,step-0,step-0,4,1,1,1.0
E3_attribution_observability,E2::evaluation-0062-evi::wrong_value::sev1::early::0::single,evaluation-0062-evi,single,wrong_value,1,early,full_trace,step-0,step-0,4,1,1,1.0
E3_attribution_observability,E2::evaluation-0088-con::referential_drift::sev1::early::0::parallel,evaluation-0088-con,parallel,referential_drift,1,early,output_only,worker-0,worker-1,5,4,0,0.25
E3_attribution_observability,E2::evaluation-0088-con::referential_drift::sev1::early::0::parallel,evaluation-0088-con,parallel,referential_drift,1,early,sparse_trace,worker-0,worker-0,5,1,1,1.0
E3_attribution_observability,E2::evaluation-0088-con::referential_drift::sev1::early::0::parallel,evaluation-0088-con,parallel,referential_drift,1,early,full_trace,worker-0,worker-0,5,1,1,1.0
E3_attribution_observability,E2::evaluation-0101-sha::referential_drift::sev1::late::1::hierarchical,evaluation-0101-sha,hierarchical,referential_drift,1,late,output_only,root,root,7,1,1,1.0
E3_attribution_observability,E2::evaluation-0101-sha::referential_drift::sev1::late::1::hierarchical,evaluation-0101-sha,hierarchical,referential_drift,1,late,sparse_trace,root,worker-0,7,3,0,0.3333333333333333
E3_attribution_observability,E2::evaluation-0101-sha::referential_drift::sev1::late::1::hierarchical,evaluation-0101-sha,hierarchical,referential_drift,1,late,full_trace,root,worker-0,7,3,0,0.3333333333333333
E3_attribution_observability,E2::evaluation-0103-con::referential_drift::sev1::late::0::sequential,evaluation-0103-con,sequential,referential_drift,1,late,output_only,step-3,step-3,4,1,1,1.0
E3_attribution_observability,E2::evaluation-0103-con::referential_drift::sev1::late::0::sequential,evaluation-0103-con,sequential,referential_drift,1,late,sparse_trace,step-3,step-3,4,1,1,1.0
E3_attribution_observability,E2::evaluation-0103-con::referential_drift::sev1::late::0::sequential,evaluation-0103-con,sequential,referential_drift,1,late,full_trace,step-3,step-3,4,1,1,1.0
E3_attribution_observability,E2::evaluation-0107-evi::referential_drift::sev1::middle::0::single,evaluation-0107-evi,single,referential_drift,1,middle,output_only,step-2,step-3,4,4,0,0.25
E3_attribution_observability,E2::evaluation-0107-evi::referential_drift::sev1::middle::0::single,evaluation-0107-evi,single,referential_drift,1,middle,sparse_trace,step-2,step-0,4,2,0,0.5
E3_attribution_observability,E2::evaluation-0107-evi::referential_drift::sev1::middle::0::single,evaluation-0107-evi,single,referential_drift,1,middle,full_trace,step-2,step-0,4,3,0,0.3333333333333333
E3_attribution_observability,E2::evaluation-0063-con::timeout::sev2::late::0::hierarchical,evaluation-0063-con,hierarchical,timeout,2,late,output_only,root,root,7,1,1,1.0
E3_attribution_observability,E2::evaluation-0063-con::timeout::sev2::late::0::hierarchical,evaluation-0063-con,hierarchical,timeout,2,late,sparse_trace,root,root,7,1,1,1.0
E3_attribution_observability,E2::evaluation-0063-con::timeout::sev2::late::0::hierarchical,evaluation-0063-con,hierarchical,timeout,2,late,full_trace,root,root,7,1,1,1.0
E3_attribution_observability,E2::evaluation-0089-sta::wrong_value::sev2::middle::0::single,evaluation-0089-sta,single,wrong_value,2,middle,output_only,step-2,step-3,4,3,0,0.3333333333333333
E3_attribution_observability,E2::evaluation-0089-sta::wrong_value::sev2::middle::0::single,evaluation-0089-sta,single,wrong_value,2,middle,sparse_trace,step-2,step-2,4,1,1,1.0
E3_attribution_observability,E2::evaluation-0089-sta::wrong_value::sev2::middle::0::single,evaluation-0089-sta,single,wrong_value,2,middle,full_trace,step-2,step-2,4,1,1,1.0
E3_attribution_observability,E2::evaluation-0104-sta::timeout::sev1::late::0::sequential,evaluation-0104-sta,sequential,timeout,1,late,output_only,step-3,step-3,4,1,1,1.0
E3_attribution_observability,E2::evaluation-0104-sta::timeout::sev1::late::0::sequential,evaluation-0104-sta,sequential,timeout,1,late,sparse_trace,step-3,step-0,4,2,0,0.5
E3_attribution_observability,E2::evaluation-0104-sta::timeout::sev1::late::0::sequential,evaluation-0104-sta,sequential,timeout,1,late,full_trace,step-3,step-3,4,1,1,1.0
E3_attribution_observability,E2::evaluation-0072-evi::referential_drift::sev1::middle::0::sequential,evaluation-0072-evi,sequential,referential_drift,1,middle,output_only,step-2,step-3,4,2,0,0.5
E3_attribution_observability,E2::evaluation-0072-evi::referential_drift::sev1::middle::0::sequential,evaluation-0072-evi,sequential,referential_drift,1,middle,sparse_trace,step-2,step-2,4,1,1,1.0
E3_attribution_observability,E2::evaluation-0072-evi::referential_drift::sev1::middle::0::sequential,evaluation-0072-evi,sequential,referential_drift,1,middle,full_trace,step-2,step-2,4,1,1,1.0
E3_attribution_observability,E2::evaluation-0084-sta::timeout::sev1::late::1::parallel,evaluation-0084-sta,parallel,timeout,1,late,output_only,aggregate,aggregate,5,1,1,1.0
E3_attribution_observability,E2::evaluation-0084-sta::timeout::sev1::late::1::parallel,evaluation-0084-sta,parallel,timeout,1,late,sparse_trace,aggregate,aggregate,5,1,1,1.0
E3_attribution_observability,E2::evaluation-0084-sta::timeout::sev1::late::1::parallel,evaluation-0084-sta,parallel,timeout,1,late,full_trace,aggregate,aggregate,5,1,1,1.0
E3_attribution_observability,E2::evaluation-0079-sta::referential_drift::sev2::early::1::sequential,evaluation-0079-sta,sequential,referential_drift,2,early,output_only,step-0,step-3,4,3,0,0.3333333333333333
E3_attribution_observability,E2::evaluation-0079-sta::referential_drift::sev2::early::1::sequential,evaluation-0079-sta,sequential,referential_drift,2,early,sparse_trace,step-0,step-0,4,1,1,1.0
E3_attribution_observability,E2::evaluation-0079-sta::referential_drift::sev2::early::1::sequential,evaluation-0079-sta,sequential,referential_drift,2,early,full_trace,step-0,step-0,4,1,1,1.0
E3_attribution_observability,E2::evaluation-0086-sha::timeout::sev1::middle::1::parallel,evaluation-0086-sha,parallel,timeout,1,middle,output_only,worker-2,aggregate,5,3,0,0.3333333333333333
E3_attribution_observability,E2::evaluation-0086-sha::timeout::sev1::middle::1::parallel,evaluation-0086-sha,parallel,timeout,1,middle,sparse_trace,worker-2,worker-1,5,2,0,0.5
E3_attribution_observability,E2::evaluation-0086-sha::timeout::sev1::middle::1::parallel,evaluation-0086-sha,parallel,timeout,1,middle,full_trace,worker-2,worker-1,5,2,0,0.5
E3_attribution_observability,E2::evaluation-0112-evi::wrong_value::sev2::early::0::parallel,evaluation-0112-evi,parallel,wrong_value,2,early,output_only,worker-0,aggregate,5,2,0,0.5
E3_attribution_observability,E2::evaluation-0112-evi::wrong_value::sev2::early::0::parallel,evaluation-0112-evi,parallel,wrong_value,2,early,sparse_trace,worker-0,worker-0,5,1,1,1.0
E3_attribution_observability,E2::evaluation-0112-evi::wrong_value::sev2::early::0::parallel,evaluation-0112-evi,parallel,wrong_value,2,early,full_trace,worker-0,worker-0,5,1,1,1.0
E3_attribution_observability,E2::evaluation-0067-evi::truncation::sev1::middle::0::sequential,evaluation-0067-evi,sequential,truncation,1,middle,output_only,step-2,step-3,4,2,0,0.5
E3_attribution_observability,E2::evaluation-0067-evi::truncation::sev1::middle::0::sequential,evaluation-0067-evi,sequential,truncation,1,middle,sparse_trace,step-2,step-2,4,1,1,1.0
E3_attribution_observability,E2::evaluation-0067-evi::truncation::sev1::middle::0::sequential,evaluation-0067-evi,sequential,truncation,1,middle,full_trace,step-2,step-2,4,1,1,1.0
E3_attribution_observability,E2::evaluation-0119-sta::wrong_value::sev2::middle::1::hierarchical,evaluation-0119-sta,hierarchical,wrong_value,2,middle,output_only,manager-0,root,7,4,0,0.25
E3_attribution_observability,E2::evaluation-0119-sta::wrong_value::sev2::middle::1::hierarchical,evaluation-0119-sta,hierarchical,wrong_value,2,middle,sparse_trace,manager-0,manager-0,7,1,1,1.0
E3_attribution_observability,E2::evaluation-0119-sta::wrong_value::sev2::middle::1::hierarchical,evaluation-0119-sta,hierarchical,wrong_value,2,middle,full_trace,manager-0,manager-0,7,1,1,1.0
E3_attribution_observability,E2::evaluation-0105-ari::referential_drift::sev2::middle::0::parallel,evaluation-0105-ari,parallel,referential_drift,2,middle,output_only,worker-2,aggregate,5,4,0,0.25
E3_attribution_observability,E2::evaluation-0105-ari::referential_drift::sev2::middle::0::parallel,evaluation-0105-ari,parallel,referential_drift,2,middle,sparse_trace,worker-2,worker-2,5,1,1,1.0
E3_attribution_observability,E2::evaluation-0105-ari::referential_drift::sev2::middle::0::parallel,evaluation-0105-ari,parallel,referential_drift,2,middle,full_trace,worker-2,worker-2,5,1,1,1.0
E3_attribution_observability,E2::evaluation-0072-evi::timeout::sev1::early::0::sequential,evaluation-0072-evi,sequential,timeout,1,early,output_only,step-0,step-3,4,2,0,0.5
E3_attribution_observability,E2::evaluation-0072-evi::timeout::sev1::early::0::sequential,evaluation-0072-evi,sequential,timeout,1,early,sparse_trace,step-0,step-0,4,1,1,1.0
E3_attribution_observability,E2::evaluation-0072-evi::timeout::sev1::early::0::sequential,evaluation-0072-evi,sequential,timeout,1,early,full_trace,step-0,step-0,4,1,1,1.0
E3_attribution_observability,E2::evaluation-0103-con::truncation::sev2::late::0::parallel,evaluation-0103-con,parallel,truncation,2,late,output_only,aggregate,aggregate,5,1,1,1.0
E3_attribution_observability,E2::evaluation-0103-con::truncation::sev2::late::0::parallel,evaluation-0103-con,parallel,truncation,2,late,sparse_trace,aggregate,aggregate,5,1,1,1.0
E3_attribution_observability,E2::evaluation-0103-con::truncation::sev2::late::0::parallel,evaluation-0103-con,parallel,truncation,2,late,full_trace,aggregate,aggregate,5,1,1,1.0
E3_attribution_observability,E2::evaluation-0072-evi::timeout::sev1::late::0::parallel,evaluation-0072-evi,parallel,timeout,1,late,output_only,aggregate,aggregate,5,1,1,1.0
E3_attribution_observability,E2::evaluation-0072-evi::timeout::sev1::late::0::parallel,evaluation-0072-evi,parallel,timeout,1,late,sparse_trace,aggregate,aggregate,5,1,1,1.0
E3_attribution_observability,E2::evaluation-0072-evi::timeout::sev1::late::0::parallel,evaluation-0072-evi,parallel,timeout,1,late,full_trace,aggregate,aggregate,5,1,1,1.0
E3_attribution_observability,E2::evaluation-0076-sha::timeout::sev1::early::0::hierarchical,evaluation-0076-sha,hierarchical,timeout,1,early,output_only,worker-0,root,7,7,0,0.14285714285714285
E3_attribution_observability,E2::evaluation-0076-sha::timeout::sev1::early::0::hierarchical,evaluation-0076-sha,hierarchical,timeout,1,early,sparse_trace,worker-0,worker-0,7,1,1,1.0
E3_attribution_observability,E2::evaluation-0076-sha::timeout::sev1::early::0::hierarchical,evaluation-0076-sha,hierarchical,timeout,1,early,full_trace,worker-0,worker-0,7,1,1,1.0
E3_attribution_observability,E2::evaluation-0105-ari::referential_drift::sev2::early::0::sequential,evaluation-0105-ari,sequential,referential_drift,2,early,output_only,step-0,step-3,4,4,0,0.25
E3_attribution_observability,E2::evaluation-0105-ari::referential_drift::sev2::early::0::sequential,evaluation-0105-ari,sequential,referential_drift,2,early,sparse_trace,step-0,step-0,4,1,1,1.0
E3_attribution_observability,E2::evaluation-0105-ari::referential_drift::sev2::early::0::sequential,evaluation-0105-ari,sequential,referential_drift,2,early,full_trace,step-0,step-0,4,1,1,1.0
E3_attribution_observability,E2::evaluation-0061-sha::truncation::sev2::early::0::sequential,evaluation-0061-sha,sequential,truncation,2,early,output_only,step-0,step-3,4,2,0,0.5
E3_attribution_observability,E2::evaluation-0061-sha::truncation::sev2::early::0::sequential,evaluation-0061-sha,sequential,truncation,2,early,sparse_trace,step-0,step-0,4,1,1,1.0
E3_attribution_observability,E2::evaluation-0061-sha::truncation::sev2::early::0::sequential,evaluation-0061-sha,sequential,truncation,2,early,full_trace,step-0,step-0,4,1,1,1.0
E3_attribution_observability,E2::evaluation-0087-evi::timeout::sev1::early::1::hierarchical,evaluation-0087-evi,hierarchical,timeout,1,early,output_only,worker-0,root,7,2,0,0.5
E3_attribution_observability,E2::evaluation-0087-evi::timeout::sev1::early::1::hierarchical,evaluation-0087-evi,hierarchical,timeout,1,early,sparse_trace,worker-0,worker-0,7,1,1,1.0
E3_attribution_observability,E2::evaluation-0087-evi::timeout::sev1::early::1::hierarchical,evaluation-0087-evi,hierarchical,timeout,1,early,full_trace,worker-0,worker-0,7,1,1,1.0
E3_attribution_observability,E2::evaluation-0091-sha::wrong_value::sev2::early::0::parallel,evaluation-0091-sha,parallel,wrong_value,2,early,output_only,worker-0,aggregate,5,4,0,0.25
E3_attribution_observability,E2::evaluation-0091-sha::wrong_value::sev2::early::0::parallel,evaluation-0091-sha,parallel,wrong_value,2,early,sparse_trace,worker-0,worker-0,5,1,1,1.0
E3_attribution_observability,E2::evaluation-0091-sha::wrong_value::sev2::early::0::parallel,evaluation-0091-sha,parallel,wrong_value,2,early,full_trace,worker-0,worker-0,5,1,1,1.0
E3_attribution_observability,E2::evaluation-0097-evi::referential_drift::sev2::middle::0::sequential,evaluation-0097-evi,sequential,referential_drift,2,middle,output_only,step-2,step-3,4,3,0,0.3333333333333333
E3_attribution_observability,E2::evaluation-0097-evi::referential_drift::sev2::middle::0::sequential,evaluation-0097-evi,sequential,referential_drift,2,middle,sparse_trace,step-2,step-2,4,1,1,1.0
E3_attribution_observability,E2::evaluation-0097-evi::referential_drift::sev2::middle::0::sequential,evaluation-0097-evi,sequential,referential_drift,2,middle,full_trace,step-2,step-2,4,1,1,1.0
E3_attribution_observability,E2::evaluation-0105-ari::timeout::sev1::early::1::parallel,evaluation-0105-ari,parallel,timeout,1,early,output_only,worker-0,aggregate,5,2,0,0.5
E3_attribution_observability,E2::evaluation-0105-ari::timeout::sev1::early::1::parallel,evaluation-0105-ari,parallel,timeout,1,early,sparse_trace,worker-0,worker-0,5,1,1,1.0
E3_attribution_observability,E2::evaluation-0105-ari::timeout::sev1::early::1::parallel,evaluation-0105-ari,parallel,timeout,1,early,full_trace,worker-0,worker-0,5,1,1,1.0
E3_attribution_observability,E2::evaluation-0092-evi::wrong_value::sev2::late::1::hierarchical,evaluation-0092-evi,hierarchical,wrong_value,2,late,output_only,root,root,7,1,1,1.0
E3_attribution_observability,E2::evaluation-0092-evi::wrong_value::sev2::late::1::hierarchical,evaluation-0092-evi,hierarchical,wrong_value,2,late,sparse_trace,root,root,7,1,1,1.0
E3_attribution_observability,E2::evaluation-0092-evi::wrong_value::sev2::late::1::hierarchical,evaluation-0092-evi,hierarchical,wrong_value,2,late,full_trace,root,root,7,1,1,1.0
E3_attribution_observability,E2::evaluation-0086-sha::timeout::sev1::early::1::hierarchical,evaluation-0086-sha,hierarchical,timeout,1,early,output_only,worker-0,root,7,3,0,0.3333333333333333
E3_attribution_observability,E2::evaluation-0086-sha::timeout::sev1::early::1::hierarchical,evaluation-0086-sha,hierarchical,timeout,1,early,sparse_trace,worker-0,worker-0,7,1,1,1.0
E3_attribution_observability,E2::evaluation-0086-sha::timeout::sev1::early::1::hierarchical,evaluation-0086-sha,hierarchical,timeout,1,early,full_trace,worker-0,worker-0,7,1,1,1.0
E3_attribution_observability,E2::evaluation-0117-evi::truncation::sev1::early::1::sequential,evaluation-0117-evi,sequential,truncation,1,early,output_only,step-0,step-3,4,3,0,0.3333333333333333
E3_attribution_observability,E2::evaluation-0117-evi::truncation::sev1::early::1::sequential,evaluation-0117-evi,sequential,truncation,1,early,sparse_trace,step-0,step-0,4,1,1,1.0
E3_attribution_observability,E2::evaluation-0117-evi::truncation::sev1::early::1::sequential,evaluation-0117-evi,sequential,truncation,1,early,full_trace,step-0,step-0,4,1,1,1.0
E3_attribution_observability,E2::evaluation-0118-con::referential_drift::sev1::middle::0::sequential,evaluation-0118-con,sequential,referential_drift,1,middle,output_only,step-2,step-3,4,4,0,0.25
E3_attribution_observability,E2::evaluation-0118-con::referential_drift::sev1::middle::0::sequential,evaluation-0118-con,sequential,referential_drift,1,middle,sparse_trace,step-2,step-2,4,1,1,1.0
E3_attribution_observability,E2::evaluation-0118-con::referential_drift::sev1::middle::0::sequential,evaluation-0118-con,sequential,referential_drift,1,middle,full_trace,step-2,step-2,4,1,1,1.0
E3_attribution_observability,E2::evaluation-0075-ari::referential_drift::sev2::early::0::sequential,evaluation-0075-ari,sequential,referential_drift,2,early,output_only,step-0,step-3,4,2,0,0.5
E3_attribution_observability,E2::evaluation-0075-ari::referential_drift::sev2::early::0::sequential,evaluation-0075-ari,sequential,referential_drift,2,early,sparse_trace,step-0,step-0,4,1,1,1.0
E3_attribution_observability,E2::evaluation-0075-ari::referential_drift::sev2::early::0::sequential,evaluation-0075-ari,sequential,referential_drift,2,early,full_trace,step-0,step-0,4,1,1,1.0
E3_attribution_observability,E2::evaluation-0090-ari::wrong_value::sev2::middle::0::single,evaluation-0090-ari,single,wrong_value,2,middle,output_only,step-2,step-3,4,4,0,0.25
E3_attribution_observability,E2::evaluation-0090-ari::wrong_value::sev2::middle::0::single,evaluation-0090-ari,single,wrong_value,2,middle,sparse_trace,step-2,step-2,4,1,1,1.0
E3_attribution_observability,E2::evaluation-0090-ari::wrong_value::sev2::middle::0::single,evaluation-0090-ari,single,wrong_value,2,middle,full_trace,step-2,step-2,4,1,1,1.0
E3_attribution_observability,E2::evaluation-0077-evi::wrong_value::sev1::late::0::parallel,evaluation-0077-evi,parallel,wrong_value,1,late,output_only,aggregate,aggregate,5,1,1,1.0
E3_attribution_observability,E2::evaluation-0077-evi::wrong_value::sev1::late::0::parallel,evaluation-0077-evi,parallel,wrong_value,1,late,sparse_trace,aggregate,aggregate,5,1,1,1.0
E3_attribution_observability,E2::evaluation-0077-evi::wrong_value::sev1::late::0::parallel,evaluation-0077-evi,parallel,wrong_value,1,late,full_trace,aggregate,aggregate,5,1,1,1.0
E3_attribution_observability,E2::evaluation-0102-evi::timeout::sev2::middle::0::hierarchical,evaluation-0102-evi,hierarchical,timeout,2,middle,output_only,manager-0,root,7,3,0,0.3333333333333333
E3_attribution_observability,E2::evaluation-0102-evi::timeout::sev2::middle::0::hierarchical,evaluation-0102-evi,hierarchical,timeout,2,middle,sparse_trace,manager-0,manager-0,7,1,1,1.0
E3_attribution_observability,E2::evaluation-0102-evi::timeout::sev2::middle::0::hierarchical,evaluation-0102-evi,hierarchical,timeout,2,middle,full_trace,manager-0,manager-0,7,1,1,1.0
E3_attribution_observability,E2::evaluation-0066-sha::timeout::sev1::late::1::single,evaluation-0066-sha,single,timeout,1,late,output_only,step-3,step-3,4,1,1,1.0
E3_attribution_observability,E2::evaluation-0066-sha::timeout::sev1::late::1::single,evaluation-0066-sha,single,timeout,1,late,sparse_trace,step-3,step-0,4,3,0,0.3333333333333333
E3_attribution_observability,E2::evaluation-0066-sha::timeout::sev1::late::1::single,evaluation-0066-sha,single,timeout,1,late,full_trace,step-3,step-3,4,1,1,1.0
E3_attribution_observability,E2::evaluation-0095-ari::wrong_value::sev2::middle::1::single,evaluation-0095-ari,single,wrong_value,2,middle,output_only,step-2,step-3,4,2,0,0.5
E3_attribution_observability,E2::evaluation-0095-ari::wrong_value::sev2::middle::1::single,evaluation-0095-ari,single,wrong_value,2,middle,sparse_trace,step-2,step-2,4,1,1,1.0
E3_attribution_observability,E2::evaluation-0095-ari::wrong_value::sev2::middle::1::single,evaluation-0095-ari,single,wrong_value,2,middle,full_trace,step-2,step-2,4,1,1,1.0
E3_attribution_observability,E2::evaluation-0074-sta::timeout::sev2::late::0::sequential,evaluation-0074-sta,sequential,timeout,2,late,output_only,step-3,step-3,4,1,1,1.0
E3_attribution_observability,E2::evaluation-0074-sta::timeout::sev2::late::0::sequential,evaluation-0074-sta,sequential,timeout,2,late,sparse_trace,step-3,step-1,4,2,0,0.5
E3_attribution_observability,E2::evaluation-0074-sta::timeout::sev2::late::0::sequential,evaluation-0074-sta,sequential,timeout,2,late,full_trace,step-3,step-3,4,1,1,1.0
E3_attribution_observability,E2::evaluation-0102-evi::referential_drift::sev2::early::1::single,evaluation-0102-evi,single,referential_drift,2,early,output_only,step-0,step-3,4,4,0,0.25
E3_attribution_observability,E2::evaluation-0102-evi::referential_drift::sev2::early::1::single,evaluation-0102-evi,single,referential_drift,2,early,sparse_trace,step-0,step-0,4,1,1,1.0
E3_attribution_observability,E2::evaluation-0102-evi::referential_drift::sev2::early::1::single,evaluation-0102-evi,single,referential_drift,2,early,full_trace,step-0,step-0,4,1,1,1.0
E3_attribution_observability,E2::evaluation-0067-evi::wrong_value::sev2::early::1::single,evaluation-0067-evi,single,wrong_value,2,early,output_only,step-0,step-3,4,3,0,0.3333333333333333
E3_attribution_observability,E2::evaluation-0067-evi::wrong_value::sev2::early::1::single,evaluation-0067-evi,single,wrong_value,2,early,sparse_trace,step-0,step-0,4,1,1,1.0
E3_attribution_observability,E2::evaluation-0067-evi::wrong_value::sev2::early::1::single,evaluation-0067-evi,single,wrong_value,2,early,full_trace,step-0,step-0,4,1,1,1.0
E3_attribution_observability,E2::evaluation-0104-sta::referential_drift::sev2::early::0::parallel,evaluation-0104-sta,parallel,referential_drift,2,early,output_only,worker-0,aggregate,5,2,0,0.5
E3_attribution_observability,E2::evaluation-0104-sta::referential_drift::sev2::early::0::parallel,evaluation-0104-sta,parallel,referential_drift,2,early,sparse_trace,worker-0,worker-0,5,1,1,1.0
E3_attribution_observability,E2::evaluation-0104-sta::referential_drift::sev2::early::0::parallel,evaluation-0104-sta,parallel,referential_drift,2,early,full_trace,worker-0,worker-0,5,1,1,1.0
E3_attribution_observability,E2::evaluation-0082-evi::timeout::sev1::late::1::hierarchical,evaluation-0082-evi,hierarchical,timeout,1,late,output_only,root,root,7,1,1,1.0
E3_attribution_observability,E2::evaluation-0082-evi::timeout::sev1::late::1::hierarchical,evaluation-0082-evi,hierarchical,timeout,1,late,sparse_trace,root,root,7,1,1,1.0
E3_attribution_observability,E2::evaluation-0082-evi::timeout::sev1::late::1::hierarchical,evaluation-0082-evi,hierarchical,timeout,1,late,full_trace,root,root,7,1,1,1.0
E3_attribution_observability,E2::evaluation-0090-ari::timeout::sev2::late::1::single,evaluation-0090-ari,single,timeout,2,late,output_only,step-3,step-3,4,1,1,1.0
E3_attribution_observability,E2::evaluation-0090-ari::timeout::sev2::late::1::single,evaluation-0090-ari,single,timeout,2,late,sparse_trace,step-3,step-0,4,3,0,0.3333333333333333
E3_attribution_observability,E2::evaluation-0090-ari::timeout::sev2::late::1::single,evaluation-0090-ari,single,timeout,2,late,full_trace,step-3,step-3,4,1,1,1.0
E3_attribution_observability,E2::evaluation-0111-sha::truncation::sev2::middle::0::hierarchical,evaluation-0111-sha,hierarchical,truncation,2,middle,output_only,manager-0,root,7,6,0,0.16666666666666666
E3_attribution_observability,E2::evaluation-0111-sha::truncation::sev2::middle::0::hierarchical,evaluation-0111-sha,hierarchical,truncation,2,middle,sparse_trace,manager-0,manager-0,7,1,1,1.0
E3_attribution_observability,E2::evaluation-0111-sha::truncation::sev2::middle::0::hierarchical,evaluation-0111-sha,hierarchical,truncation,2,middle,full_trace,manager-0,manager-0,7,1,1,1.0
E3_attribution_observability,E2::evaluation-0083-con::truncation::sev1::late::0::hierarchical,evaluation-0083-con,hierarchical,truncation,1,late,output_only,root,root,7,1,1,1.0
E3_attribution_observability,E2::evaluation-0083-con::truncation::sev1::late::0::hierarchical,evaluation-0083-con,hierarchical,truncation,1,late,sparse_trace,root,root,7,1,1,1.0
E3_attribution_observability,E2::evaluation-0083-con::truncation::sev1::late::0::hierarchical,evaluation-0083-con,hierarchical,truncation,1,late,full_trace,root,root,7,1,1,1.0
E3_attribution_observability,E2::evaluation-0075-ari::truncation::sev2::early::0::sequential,evaluation-0075-ari,sequential,truncation,2,early,output_only,step-0,step-3,4,2,0,0.5
E3_attribution_observability,E2::evaluation-0075-ari::truncation::sev2::early::0::sequential,evaluation-0075-ari,sequential,truncation,2,early,sparse_trace,step-0,step-0,4,1,1,1.0
E3_attribution_observability,E2::evaluation-0075-ari::truncation::sev2::early::0::sequential,evaluation-0075-ari,sequential,truncation,2,early,full_trace,step-0,step-0,4,1,1,1.0
E3_attribution_observability,E2::evaluation-0112-evi::timeout::sev1::early::0::sequential,evaluation-0112-evi,sequential,timeout,1,early,output_only,step-0,step-3,4,2,0,0.5
E3_attribution_observability,E2::evaluation-0112-evi::timeout::sev1::early::0::sequential,evaluation-0112-evi,sequential,timeout,1,early,sparse_trace,step-0,step-0,4,1,1,1.0
E3_attribution_observability,E2::evaluation-0112-evi::timeout::sev1::early::0::sequential,evaluation-0112-evi,sequential,timeout,1,early,full_trace,step-0,step-0,4,1,1,1.0
E3_attribution_observability,E2::evaluation-0099-sta::truncation::sev2::late::1::parallel,evaluation-0099-sta,parallel,truncation,2,late,output_only,aggregate,aggregate,5,1,1,1.0
E3_attribution_observability,E2::evaluation-0099-sta::truncation::sev2::late::1::parallel,evaluation-0099-sta,parallel,truncation,2,late,sparse_trace,aggregate,aggregate,5,1,1,1.0
E3_attribution_observability,E2::evaluation-0099-sta::truncation::sev2::late::1::parallel,evaluation-0099-sta,parallel,truncation,2,late,full_trace,aggregate,aggregate,5,1,1,1.0
E3_attribution_observability,E2::evaluation-0095-ari::wrong_value::sev2::early::0::hierarchical,evaluation-0095-ari,hierarchical,wrong_value,2,early,output_only,worker-0,root,7,3,0,0.3333333333333333
E3_attribution_observability,E2::evaluation-0095-ari::wrong_value::sev2::early::0::hierarchical,evaluation-0095-ari,hierarchical,wrong_value,2,early,sparse_trace,worker-0,worker-0,7,1,1,1.0
E3_attribution_observability,E2::evaluation-0095-ari::wrong_value::sev2::early::0::hierarchical,evaluation-0095-ari,hierarchical,wrong_value,2,early,full_trace,worker-0,worker-0,7,1,1,1.0
E3_attribution_observability,E2::evaluation-0064-sta::truncation::sev1::middle::0::sequential,evaluation-0064-sta,sequential,truncation,1,middle,output_only,step-2,step-3,4,4,0,0.25
E3_attribution_observability,E2::evaluation-0064-sta::truncation::sev1::middle::0::sequential,evaluation-0064-sta,sequential,truncation,1,middle,sparse_trace,step-2,step-2,4,1,1,1.0
E3_attribution_observability,E2::evaluation-0064-sta::truncation::sev1::middle::0::sequential,evaluation-0064-sta,sequential,truncation,1,middle,full_trace,step-2,step-2,4,1,1,1.0
E3_attribution_observability,E2::evaluation-0077-evi::referential_drift::sev1::early::0::parallel,evaluation-0077-evi,parallel,referential_drift,1,early,output_only,worker-0,aggregate,5,4,0,0.25
E3_attribution_observability,E2::evaluation-0077-evi::referential_drift::sev1::early::0::parallel,evaluation-0077-evi,parallel,referential_drift,1,early,sparse_trace,worker-0,worker-0,5,1,1,1.0
E3_attribution_observability,E2::evaluation-0077-evi::referential_drift::sev1::early::0::parallel,evaluation-0077-evi,parallel,referential_drift,1,early,full_trace,worker-0,worker-0,5,1,1,1.0
E3_attribution_observability,E2::evaluation-0090-ari::truncation::sev1::early::0::hierarchical,evaluation-0090-ari,hierarchical,truncation,1,early,output_only,worker-0,root,7,3,0,0.3333333333333333
E3_attribution_observability,E2::evaluation-0090-ari::truncation::sev1::early::0::hierarchical,evaluation-0090-ari,hierarchical,truncation,1,early,sparse_trace,worker-0,worker-0,7,1,1,1.0
E3_attribution_observability,E2::evaluation-0090-ari::truncation::sev1::early::0::hierarchical,evaluation-0090-ari,hierarchical,truncation,1,early,full_trace,worker-0,worker-0,7,1,1,1.0
E3_attribution_observability,E2::evaluation-0080-ari::truncation::sev2::late::1::hierarchical,evaluation-0080-ari,hierarchical,truncation,2,late,output_only,root,root,7,1,1,1.0
E3_attribution_observability,E2::evaluation-0080-ari::truncation::sev2::late::1::hierarchical,evaluation-0080-ari,hierarchical,truncation,2,late,sparse_trace,root,worker-1,7,3,0,0.3333333333333333
E3_attribution_observability,E2::evaluation-0080-ari::truncation::sev2::late::1::hierarchical,evaluation-0080-ari,hierarchical,truncation,2,late,full_trace,root,worker-1,7,3,0,0.3333333333333333
E3_attribution_observability,E2::evaluation-0084-sta::wrong_value::sev2::middle::1::parallel,evaluation-0084-sta,parallel,wrong_value,2,middle,output_only,worker-2,aggregate,5,5,0,0.2
E3_attribution_observability,E2::evaluation-0084-sta::wrong_value::sev2::middle::1::parallel,evaluation-0084-sta,parallel,wrong_value,2,middle,sparse_trace,worker-2,worker-2,5,1,1,1.0
E3_attribution_observability,E2::evaluation-0084-sta::wrong_value::sev2::middle::1::parallel,evaluation-0084-sta,parallel,wrong_value,2,middle,full_trace,worker-2,worker-2,5,1,1,1.0
E3_attribution_observability,E2::evaluation-0104-sta::referential_drift::sev1::middle::1::single,evaluation-0104-sta,single,referential_drift,1,middle,output_only,step-2,step-3,4,2,0,0.5
E3_attribution_observability,E2::evaluation-0104-sta::referential_drift::sev1::middle::1::single,evaluation-0104-sta,single,referential_drift,1,middle,sparse_trace,step-2,step-0,4,2,0,0.5
E3_attribution_observability,E2::evaluation-0104-sta::referential_drift::sev1::middle::1::single,evaluation-0104-sta,single,referential_drift,1,middle,full_trace,step-2,step-0,4,3,0,0.3333333333333333
E3_attribution_observability,E2::evaluation-0118-con::referential_drift::sev1::middle::0::single,evaluation-0118-con,single,referential_drift,1,middle,output_only,step-2,step-3,4,4,0,0.25
E3_attribution_observability,E2::evaluation-0118-con::referential_drift::sev1::middle::0::single,evaluation-0118-con,single,referential_drift,1,middle,sparse_trace,step-2,step-2,4,1,1,1.0
E3_attribution_observability,E2::evaluation-0118-con::referential_drift::sev1::middle::0::single,evaluation-0118-con,single,referential_drift,1,middle,full_trace,step-2,step-2,4,1,1,1.0
E3_attribution_observability,E2::evaluation-0100-ari::referential_drift::sev2::late::0::parallel,evaluation-0100-ari,parallel,referential_drift,2,late,output_only,aggregate,aggregate,5,1,1,1.0
E3_attribution_observability,E2::evaluation-0100-ari::referential_drift::sev2::late::0::parallel,evaluation-0100-ari,parallel,referential_drift,2,late,sparse_trace,aggregate,aggregate,5,1,1,1.0
E3_attribution_observability,E2::evaluation-0100-ari::referential_drift::sev2::late::0::parallel,evaluation-0100-ari,parallel,referential_drift,2,late,full_trace,aggregate,aggregate,5,1,1,1.0
E3_attribution_observability,E2::evaluation-0088-con::timeout::sev2::early::1::single,evaluation-0088-con,single,timeout,2,early,output_only,step-0,step-3,4,3,0,0.3333333333333333
E3_attribution_observability,E2::evaluation-0088-con::timeout::sev2::early::1::single,evaluation-0088-con,single,timeout,2,early,sparse_trace,step-0,step-0,4,1,1,1.0
E3_attribution_observability,E2::evaluation-0088-con::timeout::sev2::early::1::single,evaluation-0088-con,single,timeout,2,early,full_trace,step-0,step-0,4,1,1,1.0
